id,campaign_id,spend_date,channel,spend,impressions,clicks,conversions
ad_01431a27f00e3fc92218,camp_7f741c7992ab0069b25f,2026-01-02,email,156.31,5494,227,9
ad_96435affbc7161f45402,camp_7f741c7992ab0069b25f,2026-01-03,email,160.27,5847,247,9
ad_5d880a7b5a1894b0c01f,camp_7f741c7992ab0069b25f,2026-01-04,email,160.06,4515,175,10
ad_c4e2444dce43be81f7dd,camp_7f741c7992ab0069b25f,2026-01-05,email,164.01,6857,238,13
ad_7fbcd7b94fc2155c4ed1,camp_7f741c7992ab0069b25f,2026-01-06,email,186.52,3783,207,13
ad_9e7e32d953fdcbbfa2cf,camp_7f741c7992ab0069b25f,2026-01-07,email,185.6,4716,100,6
ad_a8fd89157a7f25e5ac4b,camp_7f741c7992ab0069b25f,2026-01-08,email,159.92,6653,243,10
ad_786bd064bb290acbd3ca,camp_7f741c7992ab0069b25f,2026-01-09,email,181.86,5247,116,10
ad_7b015bcd0a2d09d00ec2,camp_7f741c7992ab0069b25f,2026-01-10,email,119.4,4025,149,6
ad_27a880aa88457b5a5a4f,camp_7f741c7992ab0069b25f,2026-01-11,email,146.12,4524,88,7
ad_8e1792e269abf044e3ba,camp_7f741c7992ab0069b25f,2026-01-12,email,162.65,6220,203,18
ad_7e22d66512e4a299847b,camp_7f741c7992ab0069b25f,2026-01-13,email,148.81,5466,194,12
ad_e079a906767891d5fb3c,camp_7f741c7992ab0069b25f,2026-01-14,email,132.59,5327,191,5
ad_2daebb394d9ac14a6c30,camp_7f741c7992ab0069b25f,2026-01-15,email,128.64,3585,67,5
ad_b9b34cafe80bc81e80ce,camp_7f741c7992ab0069b25f,2026-01-16,email,163.9,6646,362,28
ad_b1110846f54349b98744,camp_7f741c7992ab0069b25f,2026-01-17,email,159.32,4413,218,19
ad_4ce2d145a7c25a5e65cd,camp_7f741c7992ab0069b25f,2026-01-18,email,161.2,5345,156,5
ad_8343b4b6f89600c4fa14,camp_7f741c7992ab0069b25f,2026-01-19,email,158.47,5491,105,4
ad_5e6eacc0fa38501bca17,camp_f0eba19644103c95d1ce,2026-01-06,email,170.73,4617,217,6
ad_b33d3e260783e8b84c67,camp_f0eba19644103c95d1ce,2026-01-07,email,138.63,3610,179,8
ad_35cfe2ff940d6b1a8900,camp_f0eba19644103c95d1ce,2026-01-08,email,191.77,6033,151,12
ad_393bd45aef31354c178a,camp_f0eba19644103c95d1ce,2026-01-09,email,205.38,6681,226,21
ad_dd962c2d29f33139bd82,camp_f0eba19644103c95d1ce,2026-01-10,email,161.01,6740,146,12
ad_100cb955db755caa39c8,camp_f0eba19644103c95d1ce,2026-01-11,email,198.31,8018,378,19
ad_a01a0f62c1412fb6dd5f,camp_f0eba19644103c95d1ce,2026-01-12,email,228.13,5106,150,10
ad_e5e129458cd539ab5e6c,camp_f0eba19644103c95d1ce,2026-01-13,email,130.47,3362,58,2
ad_673a481782f06c029475,camp_f0eba19644103c95d1ce,2026-01-14,email,141.17,2857,75,7
ad_0d275bb3381244e9dcfd,camp_f0eba19644103c95d1ce,2026-01-15,email,175.51,3161,88,3
ad_e0d19f745ddda4fe2d18,camp_f0eba19644103c95d1ce,2026-01-16,email,216.54,7154,280,21
ad_8e9acc818094a4e3a17b,camp_f0eba19644103c95d1ce,2026-01-17,email,178.12,3603,168,9
ad_2a49d3095dee4e5bacab,camp_f0eba19644103c95d1ce,2026-01-18,email,134.09,2908,140,8
ad_653b850c8b39cee460ca,camp_f0eba19644103c95d1ce,2026-01-19,email,223.14,6152,321,11
ad_553d3afe7a1dda8eb21f,camp_dd4ae2384bab87e4697e,2026-02-09,paid_search,409.07,10484,412,39
ad_6f564a80a8932649c819,camp_dd4ae2384bab87e4697e,2026-02-10,paid_search,354.86,12090,219,6
ad_31fdb4284ad00d1382fc,camp_dd4ae2384bab87e4697e,2026-02-11,paid_search,236.21,6777,219,10
ad_c635f313e0ba342a89a6,camp_dd4ae2384bab87e4697e,2026-02-12,paid_search,333.3,9279,482,24
ad_8669dd9147f64165796c,camp_dd4ae2384bab87e4697e,2026-02-13,paid_search,358.91,13021,279,20
ad_648e1a4373c114938c50,camp_dd4ae2384bab87e4697e,2026-02-14,paid_search,265.85,5104,90,8
ad_59c0b083e0c6996e5449,camp_dd4ae2384bab87e4697e,2026-02-15,paid_search,271.85,5608,222,7
ad_c514bdd42ac7b2d66a9d,camp_dd4ae2384bab87e4697e,2026-02-16,paid_search,394.12,13822,607,15
ad_b476bc89c213a026c808,camp_dd4ae2384bab87e4697e,2026-02-17,paid_search,348.93,8242,448,29
ad_f26f3cadc8649399d77d,camp_dd4ae2384bab87e4697e,2026-02-18,paid_search,400.69,8459,254,15
ad_b0c676503cb2aaaa80e0,camp_dd4ae2384bab87e4697e,2026-02-19,paid_search,271.18,7894,145,5
ad_0229e572768d10efdcde,camp_dd4ae2384bab87e4697e,2026-02-20,paid_search,249.57,6369,153,15
ad_04d7da5d1b9f874ce873,camp_dd4ae2384bab87e4697e,2026-02-21,paid_search,371.47,10802,570,36
ad_ff9c7ef22d3a0ec73533,camp_dd4ae2384bab87e4697e,2026-02-22,paid_search,420.73,10897,175,10
ad_dbd3396ba0dc434d2024,camp_dd4ae2384bab87e4697e,2026-02-23,paid_search,312.19,7789,143,7
ad_124e3234ae7c2b01a4d0,camp_dd4ae2384bab87e4697e,2026-02-24,paid_search,399.35,10175,299,13
ad_771a28759b9931e95473,camp_dd4ae2384bab87e4697e,2026-02-25,paid_search,342.67,9862,189,12
ad_335860f9ae7ab5671d3d,camp_dd4ae2384bab87e4697e,2026-02-26,paid_search,322.73,12522,363,24
ad_ccf252e9fb0ca26d946d,camp_dd4ae2384bab87e4697e,2026-02-27,paid_search,402.48,15640,372,11
ad_e012559316eef53cf7f6,camp_dd4ae2384bab87e4697e,2026-02-28,paid_search,372.93,10435,237,21
ad_22926d9e24869a294726,camp_dd4ae2384bab87e4697e,2026-03-01,paid_search,329.44,11560,535,32
ad_400feecc078c9cee2865,camp_dd4ae2384bab87e4697e,2026-03-02,paid_search,365.91,14347,647,30
ad_9e207357df106411dcdc,camp_dd4ae2384bab87e4697e,2026-03-03,paid_search,346.55,9482,518,21
ad_671aac21f16e45745fe0,camp_dd4ae2384bab87e4697e,2026-03-04,paid_search,408.22,9365,476,36
ad_e173daad82111c33c008,camp_dd4ae2384bab87e4697e,2026-03-05,paid_search,232.54,7185,313,26
ad_a7526b7411debc406114,camp_dd4ae2384bab87e4697e,2026-03-06,paid_search,406.69,13197,556,42
ad_96cca3d4dc0d56ebba23,camp_dd4ae2384bab87e4697e,2026-03-07,paid_search,359.58,14009,357,18
ad_c9ab7a4f9ffa35327c72,camp_dd4ae2384bab87e4697e,2026-03-08,paid_search,315.53,6648,331,17
ad_4d89ee4f3ea864018d86,camp_dd4ae2384bab87e4697e,2026-03-09,paid_search,281.48,10018,262,24
ad_d8f44b234530a8859367,camp_dd4ae2384bab87e4697e,2026-03-10,paid_search,241.43,7842,416,12
ad_dcc8ec1f596d38f354de,camp_dd4ae2384bab87e4697e,2026-03-11,paid_search,394.35,8565,356,14
ad_f8ae35ecefb464598e2c,camp_dd4ae2384bab87e4697e,2026-03-12,paid_search,407.01,14502,609,48
ad_614d902ab3dba1ba938c,camp_dd4ae2384bab87e4697e,2026-03-13,paid_search,307.92,9530,138,10
ad_451cc0ac92fe80952d8e,camp_dd4ae2384bab87e4697e,2026-03-14,paid_search,315.34,11582,405,28
ad_79e2a6e94c3673803d4c,camp_dd4ae2384bab87e4697e,2026-03-15,paid_search,259.65,7880,205,14
ad_99c4dd5c9a96e143a594,camp_dd4ae2384bab87e4697e,2026-03-16,paid_search,386.75,7665,96,7
ad_c30c62691db96e983673,camp_dd4ae2384bab87e4697e,2026-03-17,paid_search,231.88,5605,174,11
ad_110d59fbdb8d7bc60430,camp_dd4ae2384bab87e4697e,2026-03-18,paid_search,253.78,8667,432,36
ad_5e06fa82083f814caa91,camp_dd4ae2384bab87e4697e,2026-03-19,paid_search,270.52,9365,165,10
ad_00d5285573716ba0253c,camp_dd4ae2384bab87e4697e,2026-03-20,paid_search,389.15,12083,170,14
ad_c029b5ee752be7aeb9b6,camp_dd4ae2384bab87e4697e,2026-03-21,paid_search,407.41,8274,153,10
ad_175ce750517904e91e54,camp_dd4ae2384bab87e4697e,2026-03-22,paid_search,328.29,12820,376,28
ad_fb3ccce13eb5dd494d4f,camp_dd4ae2384bab87e4697e,2026-03-23,paid_search,291.75,9558,339,19
ad_e21cb452623dc702b858,camp_dd4ae2384bab87e4697e,2026-03-24,paid_search,314.23,9735,292,15
ad_1f15bac0e9ca6ff44c2f,camp_dd4ae2384bab87e4697e,2026-03-25,paid_search,364.8,10400,132,9
ad_eb59153d6e553b3087ea,camp_dd4ae2384bab87e4697e,2026-03-26,paid_search,281.9,6842,294,17
ad_3a1d41fcd9b170897d34,camp_dd4ae2384bab87e4697e,2026-03-27,paid_search,234.14,9230,292,16
ad_9e8b5a57b018914c315d,camp_dd4ae2384bab87e4697e,2026-03-28,paid_search,339.62,6222,143,13
ad_78eaf6f4e93779e0f486,camp_dd4ae2384bab87e4697e,2026-03-29,paid_search,389.02,12091,416,38
ad_0fa2d88e72c635be04d7,camp_dd4ae2384bab87e4697e,2026-03-30,paid_search,325.19,9759,271,18
ad_110b0e6b33cd516af259,camp_dd4ae2384bab87e4697e,2026-03-31,paid_search,378.55,12791,569,20
ad_0c7508276e54390d1b41,camp_dd4ae2384bab87e4697e,2026-04-01,paid_search,311.86,7772,130,7
ad_21c32948f95223b38a01,camp_dd4ae2384bab87e4697e,2026-04-02,paid_search,278.14,7735,347,20
ad_2d4604074c4b5e231bd6,camp_dd4ae2384bab87e4697e,2026-04-03,paid_search,420.97,15264,354,23
ad_6fe8ff72be1fbc8b7993,camp_dd4ae2384bab87e4697e,2026-04-04,paid_search,318.1,6597,231,20
ad_e637c24c8039e275e7d6,camp_0c7d59be6830004fa51b,2026-04-03,popup,917.4,26696,427,28
ad_a90b501643de45828eaf,camp_0c7d59be6830004fa51b,2026-04-04,popup,863.3,35887,1313,59
ad_490e62761c689fa4c7c0,camp_0c7d59be6830004fa51b,2026-04-05,popup,1074.14,43825,2257,83
ad_93122bfaf0f4d0d70280,camp_0c7d59be6830004fa51b,2026-04-06,popup,787.82,23524,494,21
ad_00dff8a82cbee058b1a8,camp_0c7d59be6830004fa51b,2026-04-07,popup,844.84,22152,707,46
ad_e1104d8851ddd3606b0b,camp_0c7d59be6830004fa51b,2026-04-08,popup,790.59,20302,477,33
ad_6d6161a6c8afb5a7a75d,camp_0c7d59be6830004fa51b,2026-04-09,popup,982.68,21580,809,37
ad_9a1618fbdf4a79264c2a,camp_0c7d59be6830004fa51b,2026-04-10,popup,655.66,15539,841,77
ad_b61fba133deaaf549a2f,camp_0c7d59be6830004fa51b,2026-04-11,popup,1093.96,24297,527,36
ad_fccf51e84c6032900b4e,camp_0c7d59be6830004fa51b,2026-04-12,popup,815.64,21182,472,31
ad_2b8bcc0f8d5dea6b522a,camp_fab29ae4893bbf59ab03,2026-04-08,email,179.59,5485,85,8
ad_104812d957ca70bb500e,camp_fab29ae4893bbf59ab03,2026-04-09,email,205.61,6156,114,5
ad_fde8829a2ea82b90090a,camp_fab29ae4893bbf59ab03,2026-04-10,email,147.19,4887,103,5
ad_a197ed146deea77b91e7,camp_fab29ae4893bbf59ab03,2026-04-11,email,173.53,4406,111,3
ad_5ef1365426e737509974,camp_fab29ae4893bbf59ab03,2026-04-12,email,215.82,7023,308,9
ad_b3fcae7e9b0f1e80d74f,camp_fab29ae4893bbf59ab03,2026-04-13,email,195.44,7104,158,11
ad_5fd4ad5900a009a4a170,camp_fab29ae4893bbf59ab03,2026-04-14,email,204.8,6609,149,10
ad_62da3c520d9ae49efd98,camp_fab29ae4893bbf59ab03,2026-04-15,email,173.37,7254,310,9
ad_9752c688f76db4b22923,camp_fab29ae4893bbf59ab03,2026-04-16,email,219.64,8548,236,20
ad_07224ecc2a905c5aa67a,camp_fab29ae4893bbf59ab03,2026-04-17,email,183.38,5914,232,13
ad_dbbd39a5657702bf2823,camp_fab29ae4893bbf59ab03,2026-04-18,email,210.18,7461,398,17
ad_95dff01609e4d6e88254,camp_fab29ae4893bbf59ab03,2026-04-19,email,180.19,5065,173,11
ad_7d49d770f58665fc5c03,camp_fab29ae4893bbf59ab03,2026-04-20,email,144.5,4228,186,7
ad_e3c3f95d2d589c3bc3c8,camp_fab29ae4893bbf59ab03,2026-04-21,email,152.17,3678,53,4
ad_16087848609259604f30,camp_958b9d248124a88ae0b5,2026-05-07,paid_social,332.95,10451,527,17
ad_51088f9d68d8780e1e3b,camp_958b9d248124a88ae0b5,2026-05-08,paid_social,291.42,7481,405,21
ad_9ddd26d1a4888ff47526,camp_958b9d248124a88ae0b5,2026-05-09,paid_social,207.08,6790,304,26
ad_15d23b091cb30a56e50d,camp_958b9d248124a88ae0b5,2026-05-10,paid_social,291.91,5932,93,9
ad_2f6277f8b2be37b30ba9,camp_958b9d248124a88ae0b5,2026-05-11,paid_social,207.86,5868,88,4
ad_91f9cbc417e7ec491fc3,camp_958b9d248124a88ae0b5,2026-05-12,paid_social,234.54,7540,241,17
ad_01d613d0f1563aa59d12,camp_958b9d248124a88ae0b5,2026-05-13,paid_social,276.36,9501,208,14
ad_226436e3efd1cd643bfc,camp_958b9d248124a88ae0b5,2026-05-14,paid_social,284.64,11844,200,11
ad_bb4ccde1c912ae68cf9b,camp_958b9d248124a88ae0b5,2026-05-15,paid_social,303.29,7088,174,10
ad_6cf37551ae22377bac85,camp_958b9d248124a88ae0b5,2026-05-16,paid_social,293.41,5369,70,6
ad_68421bb3b7f99c8c223d,camp_958b9d248124a88ae0b5,2026-05-17,paid_social,301,10962,324,20
ad_731a7313a2e641d4cbc1,camp_958b9d248124a88ae0b5,2026-05-18,paid_social,202.32,4882,70,4
ad_803a4a128d3ed2395565,camp_958b9d248124a88ae0b5,2026-05-19,paid_social,284.9,8177,107,3
ad_6e4566f9ddb1e57fcfd4,camp_958b9d248124a88ae0b5,2026-05-20,paid_social,195.75,7814,269,23
ad_56287c43e444db7f6017,camp_958b9d248124a88ae0b5,2026-05-21,paid_social,344.84,12128,444,32
ad_38894db11e4c9e37fdf5,camp_958b9d248124a88ae0b5,2026-05-22,paid_social,332.75,13433,532,45
ad_525213782e4bba234f56,camp_958b9d248124a88ae0b5,2026-05-23,paid_social,297.51,11805,493,14
ad_a08a468c37246a04785c,camp_958b9d248124a88ae0b5,2026-05-24,paid_social,327.17,5905,321,30
ad_cf5272a5dd6edba6a50b,camp_958b9d248124a88ae0b5,2026-05-25,paid_social,279.41,5077,263,12
ad_2e042165e33ae9e28a5a,camp_958b9d248124a88ae0b5,2026-05-26,paid_social,304.23,7256,149,7
ad_682215ce6e0322cf00a2,camp_958b9d248124a88ae0b5,2026-05-27,paid_social,287.07,5584,194,9
ad_8675883e13dbf5b3f4ad,camp_958b9d248124a88ae0b5,2026-05-28,paid_social,206.84,4538,92,4
ad_bd460975eaac2d4a4a9c,camp_958b9d248124a88ae0b5,2026-05-29,paid_social,226.64,4900,74,3
ad_1a80d3e1d762d32cbeda,camp_958b9d248124a88ae0b5,2026-05-30,paid_social,261.23,10752,173,11
ad_2163a44b1aa04c8376d8,camp_958b9d248124a88ae0b5,2026-05-31,paid_social,215.31,7678,375,20
ad_57a185af53827d724a8c,camp_958b9d248124a88ae0b5,2026-06-01,paid_social,199.83,4856,183,9
ad_b22f53e42c8218189b4e,camp_958b9d248124a88ae0b5,2026-06-02,paid_social,227.76,6790,124,8
ad_427f505a1418cda2dbb3,camp_958b9d248124a88ae0b5,2026-06-03,paid_social,345.45,7849,370,20
ad_3a2cb9ef6ff9e07e1d30,camp_958b9d248124a88ae0b5,2026-06-04,paid_social,195.75,5961,115,9
ad_1e7e6d92c47ef906e122,camp_958b9d248124a88ae0b5,2026-06-05,paid_social,217.61,4206,85,5
ad_8916a3ef20a9eb7ee778,camp_958b9d248124a88ae0b5,2026-06-06,paid_social,269.23,4919,227,9
ad_32576c031458f3ea42c7,camp_958b9d248124a88ae0b5,2026-06-07,paid_social,270.56,5073,173,8
ad_0e431987519aadb99484,camp_958b9d248124a88ae0b5,2026-06-08,paid_social,319.76,9443,188,16
ad_9f96ce5b2405e85a48f9,camp_958b9d248124a88ae0b5,2026-06-09,paid_social,288.81,11290,438,36
ad_3c077514aba12b5dccbe,camp_958b9d248124a88ae0b5,2026-06-10,paid_social,193.48,6122,108,7
ad_511ea04a3a42d5f19262,camp_958b9d248124a88ae0b5,2026-06-11,paid_social,280.77,7803,167,9
ad_efd7fccf00fe58efdf12,camp_958b9d248124a88ae0b5,2026-06-12,paid_social,338.09,9095,120,11
ad_5ef080ed99c8ed372e59,camp_958b9d248124a88ae0b5,2026-06-13,paid_social,332.41,7250,205,12
ad_e4aaeaa1904b6610e9f3,camp_958b9d248124a88ae0b5,2026-06-14,paid_social,343.56,11228,477,44
ad_89fa5e9895696edd7f44,camp_958b9d248124a88ae0b5,2026-06-15,paid_social,319.76,7207,325,13
ad_abba174d5000dcdaae76,camp_958b9d248124a88ae0b5,2026-06-16,paid_social,259.99,8707,354,22
ad_9512d7febb39d195895e,camp_958b9d248124a88ae0b5,2026-06-17,paid_social,238.62,6984,273,10
ad_067261880e627d176dba,camp_958b9d248124a88ae0b5,2026-06-18,paid_social,232.11,7040,360,12
ad_273c062cc4a35f5e3b51,camp_958b9d248124a88ae0b5,2026-06-19,paid_social,333.9,7590,126,8
ad_53b00909fad32613889f,camp_958b9d248124a88ae0b5,2026-06-20,paid_social,309.95,9212,114,10
ad_99cf058ef2286d10bdb5,camp_b93ea04341a470fe461d,2026-06-07,paid_social,226.23,7160,305,14
ad_9de531c83abf966747c6,camp_b93ea04341a470fe461d,2026-06-08,paid_social,244.2,9797,530,24
ad_6f5f328229922a0c3a07,camp_b93ea04341a470fe461d,2026-06-09,paid_social,313.07,9267,355,18
ad_518e6bd4841f91c64573,camp_b93ea04341a470fe461d,2026-06-10,paid_social,240.59,9183,480,21
ad_5c13eca53603eac924fd,camp_b93ea04341a470fe461d,2026-06-11,paid_social,280.93,10661,262,16
ad_68b86300c5813393473a,camp_b93ea04341a470fe461d,2026-06-12,paid_social,270.18,9902,297,12
ad_06dfeee5e9209830a004,camp_b93ea04341a470fe461d,2026-06-13,paid_social,304.03,6850,155,6
ad_9028c2470311eb27d1ec,camp_b93ea04341a470fe461d,2026-06-14,paid_social,317.77,9876,176,15
ad_686bfe7d776f5fb4d757,camp_b93ea04341a470fe461d,2026-06-15,paid_social,269.18,6993,227,6
ad_a44c36488580a304c7e9,camp_b93ea04341a470fe461d,2026-06-16,paid_social,273.9,10942,483,44
ad_73802076874fab5bd876,camp_b93ea04341a470fe461d,2026-06-17,paid_social,358.22,12552,221,8
ad_62ca6269ad1d50e91c55,camp_b93ea04341a470fe461d,2026-06-18,paid_social,230.93,8528,148,8
ad_abec1328d313fd287eb0,camp_b93ea04341a470fe461d,2026-06-19,paid_social,234.88,4618,235,19
ad_ea5e676aaa4d4d1a98ee,camp_b93ea04341a470fe461d,2026-06-20,paid_social,370.4,8916,436,20
ad_1b497346e7484a91e988,camp_b93ea04341a470fe461d,2026-06-21,paid_social,286.3,11879,309,27
ad_7b46988523ccdfbeeb47,camp_b93ea04341a470fe461d,2026-06-22,paid_social,238.65,4448,78,2
ad_490ac5c089d05be11ae8,camp_b93ea04341a470fe461d,2026-06-23,paid_social,346.12,6905,130,9
ad_093a5c3decd45c9cb1d9,camp_b93ea04341a470fe461d,2026-06-24,paid_social,317.45,10514,462,20
ad_d775381420f2078cd87f,camp_b93ea04341a470fe461d,2026-06-25,paid_social,368.07,8778,401,31
ad_0529f6cacacac55561e3,camp_b93ea04341a470fe461d,2026-06-26,paid_social,334.34,8947,403,34
ad_26402039b3acb3b6ea41,camp_b93ea04341a470fe461d,2026-06-27,paid_social,350.28,8988,341,9
ad_98575dce8fc9ecd168c1,camp_b93ea04341a470fe461d,2026-06-28,paid_social,332.35,7362,131,3
ad_428ecaa3faf156059867,camp_b93ea04341a470fe461d,2026-06-29,paid_social,230.47,4808,68,3
ad_431bb8d2c050d9cfc0f8,camp_b93ea04341a470fe461d,2026-06-30,paid_social,370.44,6953,211,18
