id,name,subject_line,list_name,status,send_time,recipient_count
kcamp_efd613bb6365a138b3f2,New arrivals for race season (Jan 2026),New arrivals for race season,New Subscribers,sent,2026-01-01T09:00:00.000Z,79
kcamp_7421b00f2694adc093c8,Your next PR starts here (Jan 2026),Your next PR starts here,Members,sent,2026-01-13T11:00:00.000Z,105
kcamp_6678619d3f0e4fc75d7d,20% off trail season favourites (Jan 2026),20% off trail season favourites,New Subscribers,sent,2026-01-24T15:00:00.000Z,115
kcamp_ca920589d3a1175de37e,The singlet everyone is asking about (Feb 2026),The singlet everyone is asking about,Trail Runners,sent,2026-02-05T16:00:00.000Z,96
kcamp_f77d66608fedd010c49c,Restock alert: Tempo Trainer (Feb 2026),Restock alert: Tempo Trainer,Members,sent,2026-02-14T11:00:00.000Z,147
kcamp_00a2a0f7a25b7d948017,Marathon week essentials (Feb 2026),Marathon week essentials,All Subscribers,sent,2026-02-23T11:00:00.000Z,243
kcamp_f98bc104ac6d86ab29e5,Members get first access (Mar 2026),Members get first access,New Subscribers,sent,2026-03-02T09:00:00.000Z,239
kcamp_fca5f6715dbe7f24efca,Time for a sock drawer refresh (Mar 2026),Time for a sock drawer refresh,Members,sent,2026-03-09T11:00:00.000Z,209
kcamp_2b0f6c7e00b09b7b6b22,What our runners are wearing this month (Mar 2026),What our runners are wearing this month,Lapsed Buyers,sent,2026-03-17T11:00:00.000Z,338
kcamp_5e9dc6edab782e1961dd,Last chance on spring styles (Mar 2026),Last chance on spring styles,All Subscribers,sent,2026-03-29T11:00:00.000Z,371
kcamp_68d54a102f1b4ed0ebbc,Cold weather kit has landed (Apr 2026),Cold weather kit has landed,New Subscribers,sent,2026-04-09T09:00:00.000Z,451
kcamp_a1662ad0ff0e90867616,Gift picks for the runner in your life (Apr 2026),Gift picks for the runner in your life,Lapsed Buyers,sent,2026-04-18T14:00:00.000Z,289
kcamp_4ebf17d3e45a51819a55,New arrivals for race season (Apr 2026),New arrivals for race season,Trail Runners,sent,2026-04-28T11:00:00.000Z,446
kcamp_349f4f946b60594c62f7,Your next PR starts here (May 2026),Your next PR starts here,Lapsed Buyers,sent,2026-05-08T15:00:00.000Z,392
kcamp_78c162f1a69930ea30a9,20% off trail season favourites (May 2026),20% off trail season favourites,New Subscribers,sent,2026-05-17T11:00:00.000Z,666
kcamp_325a31dad8f35f2c5347,The singlet everyone is asking about (May 2026),The singlet everyone is asking about,Members,sent,2026-05-27T15:00:00.000Z,565
kcamp_6e562f5297e24138d099,Restock alert: Tempo Trainer (Jun 2026),Restock alert: Tempo Trainer,All Subscribers,sent,2026-06-03T15:00:00.000Z,735
kcamp_531369d2a91d44ccfbf6,Marathon week essentials (Jun 2026),Marathon week essentials,New Subscribers,sent,2026-06-14T16:00:00.000Z,791
kcamp_1939e612f2efacabf2b9,Members get first access (Jun 2026),Members get first access,Lapsed Buyers,sent,2026-06-24T09:00:00.000Z,688
