id,customer_id,plan_name,status,price,started_at,cancelled_at
sub_31af3d1767a1444fb144,cust_ecd2ea37dc9ba4b26584,annual,active,125,2026-01-17T14:38:02.000Z,
sub_278371d33adfb3a17c5a,cust_ac438756e3abf72024b7,annual,active,125,2026-01-18T17:33:21.000Z,
sub_8d4ee573fb325866f64e,cust_f62ea95a6d2d90d94e03,annual,active,125,2025-12-24T21:55:27.000Z,
sub_23cb2e32ae53c3435e68,cust_e6a5771d24ba675dcf96,annual,cancelled,125,2025-12-13T08:09:09.000Z,2026-03-11T10:42:24.000Z
sub_368d48dcbc43d8ff40af,cust_16fcce8bad58452d4d48,annual,active,125,2026-02-05T10:35:20.000Z,
sub_f9c8b252ee2f34abe5f5,cust_9b28ab6acc6d0429690f,annual,cancelled,125,2025-11-10T16:35:22.000Z,2026-03-25T13:36:17.000Z
sub_6cc958a00374787814b6,cust_1163a09a5d8d71331cb2,annual,active,125,2026-01-11T21:43:28.000Z,
sub_ad8ff02314a184b2f31c,cust_5a98548beb3f17d9a300,annual,active,125,2025-11-18T10:10:26.000Z,
sub_bdb048cc186391398189,cust_9944b7a8693b7c822a56,annual,cancelled,125,2026-01-21T17:26:34.000Z,2026-05-20T23:32:02.000Z
sub_ffb59bd062751d9f542f,cust_cdc2ca99ddaf6c5f9e8d,annual,cancelled,125,2026-01-07T18:02:17.000Z,2026-03-15T15:01:46.000Z
sub_a46fcf917dc05155a996,cust_607f9c04db09c5216823,annual,active,125,2026-01-22T18:50:28.000Z,
sub_414be8c7e8648b15fad1,cust_bf783e53f7f17448bbf9,annual,active,125,2026-01-15T06:01:39.000Z,
sub_e909a2f943426101d58a,cust_111f0e049d2a75834c69,annual,active,125,2025-12-23T10:45:16.000Z,
sub_e0ceb4c4c8e19b09d330,cust_53816a2f726843a07bed,annual,active,125,2025-12-15T21:57:22.000Z,
sub_41ad22b65175855ed7d7,cust_fa51023e36fdb9166344,annual,active,125,2026-01-05T15:17:19.000Z,
sub_e4a80fe5eb1589f3d46d,cust_1ad7998afff84345bca8,annual,active,125,2025-11-23T07:11:28.000Z,
sub_14a8194e8d6ce8eab338,cust_f336ad54cc31feee26ca,annual,cancelled,125,2025-11-21T12:33:38.000Z,2026-04-10T17:32:32.000Z
sub_02f4b32d513300c1bd64,cust_aff0a68e45186a611b11,annual,active,125,2025-12-12T10:33:10.000Z,
sub_37b76fc05eda1defdc59,cust_e02e96943f1433bc731c,annual,active,125,2025-11-26T17:15:34.000Z,
sub_c191105e8bc2376a285f,cust_24fbfabb42203eb52212,annual,active,125,2026-01-25T14:14:02.000Z,
sub_299c70a1d1d31f213b81,cust_1cf9944894d03e06c25f,annual,active,125,2025-12-07T11:40:35.000Z,
sub_756f2a11061a565bda13,cust_b1d3964929bc66978b7f,annual,active,125,2026-01-13T19:55:24.000Z,
sub_7b8cf409af5e29fc1156,cust_7476b81c52a1674cb4cb,annual,cancelled,125,2026-01-30T21:35:33.000Z,2026-03-10T17:34:42.000Z
sub_f2d744f94f2659260981,cust_cdb0ce59d877631e9274,annual,cancelled,125,2026-01-24T15:29:56.000Z,2026-03-14T08:05:32.000Z
sub_db5de9ecea1071d66f1c,cust_e1f5b0abb2f3caac9ec9,annual,active,125,2025-12-03T12:08:59.000Z,
sub_8acbca3dbd2978416d61,cust_4351438d111553e829ac,annual,active,125,2026-02-25T07:04:29.000Z,
sub_3af9dae4ccff88b8e983,cust_f17954ea528cd575965e,annual,active,125,2025-12-01T15:42:20.000Z,
sub_fc7ac3c104993b998a78,cust_a296bfa72622312112b8,annual,cancelled,125,2026-01-30T22:43:07.000Z,2026-05-20T11:44:22.000Z
sub_7631dffb82bbe054bc1c,cust_67dfa234a5499925ce5f,annual,active,125,2026-01-12T23:37:36.000Z,
sub_382699464ab0d0120ee7,cust_b4d77dca6cf8d726b445,annual,active,125,2026-01-18T22:37:14.000Z,
sub_ab2378e4bf04e7d65330,cust_df55be82648aa36f9a5f,annual,active,125,2026-02-27T13:03:40.000Z,
sub_248b2a29c917c2a0ce04,cust_f0da68eb483b70f7f3b2,annual,active,125,2026-01-20T16:28:20.000Z,
sub_f86c08aa2657e04183bc,cust_7f893780af2223137b79,annual,active,125,2025-12-30T17:05:05.000Z,
sub_95b605d0ecb138c7bd8f,cust_8fb1d19dd4464026d68d,annual,active,125,2026-02-15T21:56:42.000Z,
sub_413d27812fd7159f9dcb,cust_e10ba7a9ca0b753eb189,annual,active,125,2025-12-07T22:35:51.000Z,
sub_fdaabcdff8e55cefe87f,cust_8e8414bb566e93da9219,annual,active,125,2025-12-19T11:11:28.000Z,
sub_8f3d98420fa6507c61ee,cust_3a2bb7af97d0f2bef5b5,annual,active,125,2025-12-18T13:22:43.000Z,
sub_5989bb65e40bd97650b7,cust_5cd00214a3d7776aa2ed,annual,cancelled,125,2026-01-22T17:26:42.000Z,2026-05-25T10:43:57.000Z
sub_7d3c171e203bcb675306,cust_5abcd80406ecd75d9c7d,annual,active,125,2026-03-10T08:18:38.000Z,
sub_5657116c13b4cad32efc,cust_b964a419defd45cd75cb,annual,active,125,2025-12-28T23:25:28.000Z,
sub_4846c573cdad97493742,cust_0e0ecc1fbbcb18096d03,annual,cancelled,125,2026-02-24T15:19:13.000Z,2026-04-05T21:34:45.000Z
sub_4edfaacf44284b0d3783,cust_d957779c3214f6de95ed,annual,active,125,2026-02-01T07:10:55.000Z,
sub_e7b8cb4acd617e2c6a3f,cust_30fed5e1ab477d9d67d4,annual,active,125,2025-12-17T12:55:36.000Z,
sub_c194f293f05b2256689b,cust_cce75e8b4a0e1584bf8d,annual,active,125,2025-12-30T14:31:45.000Z,
sub_652050b9071c583c5698,cust_4b374231b25bece7e418,annual,active,125,2026-01-13T13:13:01.000Z,
sub_13f3822269183cf0ea49,cust_314cd058ebd80d16f1e6,annual,active,125,2026-01-10T08:17:49.000Z,
sub_901222fb6f183c89ed20,cust_e9cf057121b9d83b352b,annual,active,125,2026-02-12T17:03:16.000Z,
sub_28dbd0807661e1a4c852,cust_7cb6891c74a5e76c5c9e,annual,active,125,2026-02-03T07:16:48.000Z,
sub_92cb9c1ac7cea0baf878,cust_7e527b76c1cf1c2c4080,annual,cancelled,125,2026-03-13T18:34:11.000Z,2026-06-04T12:12:49.000Z
sub_cd2af2c5172ddedad830,cust_66865f0e803c6eb9c856,annual,active,125,2026-01-26T16:31:50.000Z,
sub_9ca8ccf48161861873ed,cust_1aae00d28d3a00bcea0a,annual,active,125,2026-03-11T23:51:32.000Z,
sub_6f616a16993a5279aed6,cust_fc9c75285535b4b79fcb,annual,active,125,2026-03-05T20:29:04.000Z,
sub_200542cd546f7e3a7007,cust_51d5b47ba242225627a3,annual,active,125,2026-02-18T11:20:20.000Z,
sub_4fa2da10db9874017b44,cust_f7b686f3a79fd4a4ce79,annual,active,125,2026-01-22T12:08:36.000Z,
sub_58137383bc26bfcd183f,cust_bdabe3cad86f50f47fbc,annual,active,125,2026-01-24T06:25:58.000Z,
sub_1ec284e316b56740e24b,cust_c5067842280d18fd24fa,annual,cancelled,125,2026-03-13T08:36:46.000Z,2026-05-10T15:15:40.000Z
sub_c157c48df31092c9f4c2,cust_8c1a01eb4055a985c9bf,annual,active,125,2026-01-26T09:08:21.000Z,
sub_554bfdc677c8b564a730,cust_464f83cf9cfbef8ca3e9,annual,active,125,2026-02-09T16:40:54.000Z,
sub_39b0f122f8080c838129,cust_730e9a06b9dc61524e23,annual,active,125,2026-03-01T12:50:23.000Z,
sub_3ce21bec77eaed45d448,cust_96abe667a8296531b8f6,annual,active,125,2026-02-03T16:51:00.000Z,
sub_babf100b4613809de360,cust_8dbbb261caa27bee69f5,annual,active,125,2026-02-05T09:05:13.000Z,
sub_70324842da9cc2a2b2db,cust_cff72b082ba654543c6b,annual,active,125,2026-03-16T13:24:22.000Z,
sub_a99caa908baafb1b50d4,cust_843bbb30d0868c6934d5,annual,active,125,2026-01-30T11:38:52.000Z,
sub_c2bcd92b6fd9d82b4b37,cust_aba8f5681f190465f5f2,annual,active,125,2026-03-31T20:59:27.000Z,
sub_14d5c2149b2d7f10ff62,cust_bb45db0341107d136289,annual,active,125,2026-04-03T11:07:02.000Z,
sub_174846ef54fb8ab3a4a1,cust_1107d46b44bec518126a,annual,active,125,2026-02-10T20:24:52.000Z,
sub_4eb040a54629ba897306,cust_e6eab57226dd0905819b,annual,cancelled,125,2026-02-15T08:24:37.000Z,2026-06-02T07:23:27.000Z
sub_140563ad11447ee054ff,cust_4a484f501d56bc9fd2f3,annual,active,125,2026-04-06T15:45:29.000Z,
sub_518ada283131fe5041f0,cust_625e59e561e88421c202,annual,active,125,2026-02-10T17:29:48.000Z,
sub_41181d72bd9492767612,cust_a94655c92fcbb4d5c0e6,annual,active,125,2026-04-12T11:08:23.000Z,
sub_6b3b48a324695706431a,cust_c69a802280738bcd9b6b,annual,active,125,2026-03-16T15:34:00.000Z,
sub_7fa1ba80cbad0e335cd8,cust_73a2dde28c118f306703,annual,active,125,2026-02-19T22:08:08.000Z,
sub_551d7e2d7f9e5dc237af,cust_f3757ed3c1ff759c1999,annual,active,125,2026-04-28T07:22:45.000Z,
sub_90a9fe15a55e84f80558,cust_8fd774e7907d2c847f4f,annual,active,125,2026-02-10T23:02:31.000Z,
sub_55d1acfa18f820d932a0,cust_c3278c96923e0f593b7a,annual,active,125,2026-02-25T14:37:38.000Z,
sub_fdc0e127e5c2ba5cd12e,cust_af5b95d0af14748eb535,annual,cancelled,125,2026-03-12T12:01:28.000Z,2026-05-31T18:25:18.000Z
sub_2e17562606b0b9653ce3,cust_5f4e42e80a7a38703708,annual,active,125,2026-04-23T16:22:47.000Z,
sub_25151c17e4148838b04e,cust_e47ff41e49cf3cfdce92,annual,active,125,2026-03-22T20:48:02.000Z,
sub_3f6c68cc696bfbc21a1d,cust_7636416ca066d8dbda5b,annual,active,125,2026-03-06T22:18:08.000Z,
sub_b64248b50040cddb6eb3,cust_302d1e99cd13756d9ebd,annual,active,125,2026-03-12T08:14:50.000Z,
sub_90a7ee639b4f48516aa4,cust_d8f5c706944c8f4b2963,annual,active,125,2026-02-15T15:04:18.000Z,
sub_6cc32eb7aba5a408e536,cust_7e9ea4d64b88b21cef31,annual,active,125,2026-03-31T14:15:03.000Z,
sub_c2072c4b5de0bf0a519c,cust_dd4a1010131cd53a9a6d,annual,active,125,2026-04-10T19:17:15.000Z,
sub_9a1a0da64468264999af,cust_8486933decab12928d69,annual,active,125,2026-02-28T12:50:08.000Z,
sub_3076568489764816c9c9,cust_fc71eba4ce9e9d096321,annual,active,125,2026-04-29T23:08:39.000Z,
sub_4d685d4617bf48d0e29e,cust_4def9957d9c3a3e8eca4,annual,active,125,2026-05-16T07:07:59.000Z,
sub_b4c5db0e04aaa7f3b4c6,cust_c4145a08e4bb9fa8eefe,annual,active,125,2026-04-24T11:19:51.000Z,
sub_ac3db51bc551e2c18203,cust_3d2ec425a05273e8aed4,annual,active,125,2026-03-25T09:41:30.000Z,
sub_4682ffd0bc0b5eebef37,cust_88349cb3d9457e7a1750,annual,active,125,2026-05-11T08:01:38.000Z,
sub_cdc1f46ec25b5324ef0a,cust_361a7ed1c05fa17350fe,annual,active,125,2026-05-16T23:17:05.000Z,
sub_3ed801fa16dd879ab292,cust_01d92416bee29fd654e8,annual,active,125,2026-03-16T07:20:25.000Z,
sub_f267b1249ec72427a7ff,cust_d8ec9d712159e697695c,annual,active,125,2026-03-15T21:41:53.000Z,
sub_3939cafb13befa1e4029,cust_be17bb769d443679302d,annual,active,125,2026-05-16T07:44:55.000Z,
sub_05f256a658e77edb25f0,cust_4259c249b7707860177c,annual,active,125,2026-04-25T23:13:52.000Z,
sub_65b60fd9da6264ca8a68,cust_c9d18fb9a47b872b5d26,annual,active,125,2026-05-01T13:15:09.000Z,
sub_925b79d603bc6f4bbff0,cust_9d14631dafd11f8433ba,annual,active,125,2026-04-15T22:44:54.000Z,
sub_3c8265f972fa76fe6c15,cust_55995df146cd8331551b,annual,active,125,2026-04-29T23:10:51.000Z,
sub_e4184f4635fa514a1bc1,cust_117699c1a979051ea994,annual,active,125,2026-03-16T12:31:22.000Z,
sub_d87a76258db14cae24cc,cust_9c30ae9f794591018215,annual,active,125,2026-03-25T16:17:02.000Z,
sub_aaa2ecdd969caf0b600f,cust_3870ff8e8e01a54da00d,annual,active,125,2026-03-20T15:29:39.000Z,
sub_768c8378163ba23edb8e,cust_db3ce1d5941f38c5b273,annual,active,125,2026-04-08T20:37:33.000Z,
sub_6f9da7deebebc537b721,cust_6d9e61db03ab21d625f8,annual,active,125,2026-05-19T17:57:06.000Z,
sub_3a7d016fc5554d6aece0,cust_3d6bbefeaffadde991e4,annual,active,125,2026-03-29T12:36:30.000Z,
sub_393591f2c8b02f6951a3,cust_d34e9c27696bb0ad05f1,annual,active,125,2026-05-04T23:47:24.000Z,
sub_ff2a3a7dcebe137d80d4,cust_3bbcdbd0ea0724cc4fd9,annual,active,125,2026-05-01T19:52:14.000Z,
sub_32dcd8b8f9b820b87b9b,cust_8af7e68e1645ddb4d1c8,annual,active,125,2026-05-29T20:44:07.000Z,
sub_10b4c9c06affb2696fad,cust_1650858083de2eff17d1,annual,active,125,2026-03-27T22:12:07.000Z,
sub_68ce1255a1ac2ed480ed,cust_dad763cf348bf2ff97e3,annual,active,125,2026-03-15T20:05:19.000Z,
sub_11b0a80862215a7d6254,cust_5e01623a54cec6aed496,annual,active,125,2026-04-16T16:33:54.000Z,
sub_f43d63a5146fe0ed6b18,cust_02131b8162e1f638e2ac,annual,active,125,2026-05-01T11:22:40.000Z,
sub_b5cda1ee04e4a97207f7,cust_21b0ef04d046a7962e38,annual,active,125,2026-04-15T18:10:51.000Z,
sub_b8665d4b20493cc2e41b,cust_883e0afcbfdfa57c2ed5,annual,cancelled,125,2026-03-25T23:42:13.000Z,2026-05-07T06:14:58.000Z
sub_d07b0fdbeaec35c8b2f5,cust_a9421f092a6c8a999c12,annual,active,125,2026-05-30T18:52:19.000Z,
sub_c2e38a739aaa83895860,cust_e28d262b6c41006b34a2,annual,active,125,2026-04-08T06:56:59.000Z,
sub_30bbf82df0919a0012b1,cust_7f32bf644f98a025c079,annual,active,125,2026-04-11T11:16:02.000Z,
sub_9bb6eb1eee0da6479972,cust_b23c34e8684aae09d1b5,annual,active,125,2026-03-20T11:35:26.000Z,
sub_9534929e03cf5e92f589,cust_fae453b57216c3b0808e,annual,active,125,2026-05-16T14:19:53.000Z,
sub_0833948f1cd1f4c8cdc3,cust_0b83458c8937c85c809d,annual,active,125,2026-04-20T12:39:03.000Z,
sub_d7a9d7678e82767a9864,cust_04be9003980243189e66,annual,active,125,2026-03-30T10:53:20.000Z,
sub_ec0763ca260c858b626a,cust_caf5cf1a671f26e918fd,annual,active,125,2026-05-07T08:45:29.000Z,
sub_3c4a527a3152f2bc3d37,cust_da0b9520135f451f92ff,annual,active,125,2026-03-18T18:25:52.000Z,
sub_47deaa119f3c4435c35e,cust_eef556b5af487366e593,annual,cancelled,125,2026-04-12T06:45:02.000Z,2026-06-23T07:29:14.000Z
sub_c28c3ead8e4a454dce9e,cust_4f018bd2492b7c10fd7c,annual,active,125,2026-05-30T16:33:21.000Z,
sub_25fbd52f4ec01576d400,cust_c99b450a43e647ce8a8e,annual,active,125,2026-03-24T14:38:54.000Z,
sub_9137ad266a31f607020f,cust_b2fa3d71846a53f78ef0,annual,active,125,2026-05-19T10:51:15.000Z,
sub_45f572caee68349ef6a1,cust_1d447bd97d496cbcbb94,annual,active,125,2026-06-16T19:16:26.000Z,
sub_de5852ad0b29c7dd5266,cust_0fe07010904a1391e221,annual,active,125,2026-03-26T09:43:31.000Z,
sub_3782b079fed2a8de33ea,cust_ee549158dbb56a8bbe68,annual,active,125,2026-05-21T09:36:32.000Z,
sub_99aaa5a3ae371e66c230,cust_fe7a06871d2ca88a3446,annual,cancelled,125,2026-03-29T17:25:43.000Z,2026-05-09T20:47:48.000Z
sub_3783047b93f9da0516a3,cust_8428b1442ffe60cd6a00,annual,active,125,2026-05-09T16:18:52.000Z,
sub_29658b88930b9731894f,cust_228cc5fa8ecf2470be45,annual,active,125,2026-05-09T07:48:53.000Z,
sub_a96ee6a83e3a50205140,cust_34972e8c79e970902050,annual,active,125,2026-05-28T14:18:13.000Z,
sub_4bef7cd6172c43da543e,cust_d70e68cfa7d68a1a767a,annual,active,125,2026-03-29T06:13:22.000Z,
sub_0eaf07eca09b1b44f2e2,cust_af2675cef33c04623c13,annual,cancelled,125,2026-05-14T06:28:31.000Z,2026-06-15T21:34:16.000Z
sub_d7ba9548e8e8953808ba,cust_ff2997d504000e052d05,annual,active,125,2026-03-25T17:45:51.000Z,
sub_67c78097a59b6ef306bb,cust_3071f6f0ef7ad245a6cb,annual,active,125,2026-06-03T12:46:49.000Z,
sub_6ef2e91b2bb97335ca0f,cust_f97a7be9897b9cb55638,annual,active,125,2026-06-22T16:01:04.000Z,
sub_30c7681303caaa4f976d,cust_964d18ca4b8d65651ace,annual,active,125,2026-04-19T16:09:56.000Z,
sub_3e4679fed241658be18c,cust_7d3c8770ad457822d5d3,annual,cancelled,125,2026-04-06T21:48:49.000Z,2026-05-03T20:00:09.000Z
sub_6a19fe72d79c8e78ac59,cust_7dfa6d2d42eeeabe5b58,annual,active,125,2026-05-20T11:46:10.000Z,
sub_79f362c3051462b305de,cust_604cb742c2ad4709d416,annual,active,125,2026-04-21T13:12:59.000Z,
sub_97322247b9126c98dd8e,cust_212982d000d922fbe698,annual,active,125,2026-06-14T16:38:51.000Z,
sub_d38334ec7e19fe1245c1,cust_6b0a0cddb0d31cb4f296,annual,active,125,2026-03-29T15:40:13.000Z,
sub_86a3d392cfc6a3771621,cust_d9cb748761077b6fa6a3,annual,active,125,2026-05-03T07:11:49.000Z,
sub_d196173136452ad5ec86,cust_74263f855f88d4f15a6a,annual,active,125,2026-05-08T07:33:16.000Z,
sub_bf58cd37ef2985534ba1,cust_86baff936e1749622da4,annual,active,125,2026-06-08T18:36:02.000Z,
sub_dbbea9a821bea66b63d5,cust_b53934be340eefe6623a,annual,active,125,2026-06-23T20:02:07.000Z,
sub_8d11920a72ea88f91a38,cust_ba8ae7df1d3c031108d5,annual,active,125,2026-05-06T09:27:27.000Z,
sub_7b72f8f0639dbdffcd90,cust_31ed38f62381b7fa648c,annual,active,125,2026-05-14T21:58:40.000Z,
sub_b015afa0d55d81300a6f,cust_95bad2c193ceab454169,annual,active,125,2026-04-17T22:43:43.000Z,
sub_0118f111fb13c243d48e,cust_33869f859ce3fb53ee78,annual,active,125,2026-06-19T09:28:55.000Z,
sub_8c89c9d51f5088ea3cb5,cust_3855d2ad8484ae42df5f,annual,active,125,2026-05-04T08:13:17.000Z,
sub_5c59e94a6f1f8576c694,cust_ae756710397f7ddff0a1,annual,active,125,2026-05-24T22:48:23.000Z,
sub_0e0113bf42a64d789028,cust_9b92ffe4b949311eb3b3,annual,active,125,2026-04-07T12:26:05.000Z,
sub_a575c8b9cca90322e041,cust_a8f889aaf701be391603,annual,active,125,2026-05-10T14:46:26.000Z,
sub_1b98b52f313692ce2a2f,cust_4f292e5d1390446e55bb,annual,active,125,2026-06-11T08:19:58.000Z,
sub_f43f87e25bc52afc11f0,cust_19ade941e3df66303ead,annual,active,125,2026-05-01T16:16:23.000Z,
sub_63c0c8c04f725590d8e6,cust_c9dbb4d9411164bee0b1,annual,active,125,2026-05-04T20:04:57.000Z,
sub_aad3cb9fb2068c9f416b,cust_f34243012af858727615,annual,active,125,2026-06-06T09:26:53.000Z,
sub_204098f09bcb419316ec,cust_7914b9467b3ddb1783fc,annual,active,125,2026-06-16T20:08:33.000Z,
sub_63f7031d8e448441479c,cust_bfe5538e62fa36d84456,annual,active,125,2026-06-27T10:47:32.000Z,
sub_362f75aaf1cd103cf38c,cust_320c7aaf26fa078e3d27,annual,active,125,2026-06-07T10:18:52.000Z,
sub_946c66ac5a3428ba14ac,cust_9316fd67f0ca58a8c24a,annual,active,125,2026-04-21T18:09:45.000Z,
sub_03433568e51ba3f7049c,cust_7db519b42f352665023d,annual,active,125,2026-06-18T15:42:56.000Z,
sub_c7df61dea92697664837,cust_305e34a76bc5c1b964be,annual,active,125,2026-06-18T15:10:00.000Z,
sub_6efa71187f3cdde46508,cust_d1dea901cbf6f7335ccb,annual,active,125,2026-05-04T06:37:23.000Z,
sub_4be573cdc3c275e61c50,cust_7ff1ac630cc3099ae46d,annual,active,125,2026-06-22T18:45:22.000Z,
sub_64fa628e56bb482071dd,cust_db2f1c32aa06073334f7,annual,active,125,2026-05-17T06:54:10.000Z,
sub_d2c45d91f69e6acd7e7e,cust_62188484039d0aa2add5,annual,active,125,2026-05-15T10:05:05.000Z,
sub_752e245cd11c69f3fc42,cust_2c42ab2a07e5c8d928c1,annual,active,125,2026-05-02T10:55:55.000Z,
sub_4fe64507cafcf25a1950,cust_952b0c6a8755f7d140a6,annual,active,125,2026-06-02T09:38:14.000Z,
sub_ea0ea7fe42d4d1200dcd,cust_7703f01d22bc49fcfb16,annual,active,125,2026-06-19T23:20:19.000Z,
sub_bd71be2eb347ea2bae7b,cust_210f42dab2218cf01285,annual,active,125,2026-04-26T22:02:51.000Z,
sub_c610f9ad4fc84bf01a5d,cust_f2c124842bed04faa205,annual,active,125,2026-06-29T23:43:20.000Z,
sub_1dc4b199fde0e13f5df7,cust_00ea1b0ec3d8d7f326df,annual,active,125,2026-06-28T15:05:27.000Z,
sub_b0f203d2ae3dd8d210d7,cust_4b6e4f8d11c4861e7703,annual,active,125,2026-06-26T23:08:52.000Z,
sub_2ba012e3b57f3e13f45f,cust_92a36a8de39f0876e146,annual,active,125,2026-06-22T20:46:03.000Z,
sub_a49c4844b54621db13b7,cust_802dee1e9655530e9d44,annual,active,125,2026-06-13T08:45:12.000Z,
sub_5377f74e7f95c70227d4,cust_bc3d95a83d5aef127b24,annual,active,125,2026-05-01T13:05:20.000Z,
sub_564cc33bb913de2e2d4b,cust_e170fd09ec9b85453cdb,annual,active,125,2026-06-28T07:30:56.000Z,
sub_28317cfde1eb33677ef0,cust_01af35dd52c05b480b7f,annual,active,125,2026-06-27T14:27:00.000Z,
sub_29eebb88f64b248bf9b2,cust_d9ffd698fa3b21b10809,annual,active,125,2026-05-27T23:56:14.000Z,
sub_248901150cd3630cbab0,cust_0b9ceb5212e2cc431f1f,annual,active,125,2026-05-29T23:04:37.000Z,
sub_43f45a18a49bdc43ba23,cust_470322b05c5a2c33beba,annual,active,125,2026-04-21T12:32:20.000Z,
sub_031a2f46da17209df6c7,cust_81a8fff222fa3c7b00ab,annual,active,125,2026-04-30T14:20:11.000Z,
sub_0169613bec25b7fad978,cust_855d4c579b5a4c4f97fd,annual,active,125,2026-06-21T15:23:14.000Z,
sub_335837e7fdaf9242c7f2,cust_41cc656ffc0993394135,annual,active,125,2026-05-19T13:29:28.000Z,
sub_4041247e50f0934e4394,cust_fdc60564fd0dc66b21d0,annual,active,125,2026-06-13T07:52:59.000Z,
sub_76decac3b599da28ecb3,cust_f460cf6004119eacc836,annual,active,125,2026-05-12T21:10:35.000Z,
sub_cfdf6b349138786999ec,cust_b936e2c849137e3d7d63,annual,cancelled,125,2026-05-12T18:23:48.000Z,2026-06-21T16:44:14.000Z
sub_29cfc2221b79212972b5,cust_4970d35911c1c6202382,annual,active,125,2026-06-07T19:42:10.000Z,
sub_31ec3054382ba1c2fc22,cust_6c017c63ea800b2c0f50,annual,active,125,2026-06-17T23:00:29.000Z,
sub_25bbdae1b15b3d55e680,cust_fc307cd5a4c67735d6fe,annual,active,125,2026-05-07T11:03:02.000Z,
sub_ae7b514b971aeebcac8d,cust_d11453c450530f2a6338,annual,active,125,2026-05-13T06:52:12.000Z,
sub_ecff9b2e1e66dea986f7,cust_26f7e5478b162db153de,annual,active,125,2026-05-06T13:16:54.000Z,
sub_6b259ecd2aaa73b4aae9,cust_e2370fc2cbf232bf7e35,annual,active,125,2026-05-09T23:24:49.000Z,
sub_f413a9b7200b1d4ed9b8,cust_6709025c9b1cd7b82ec1,annual,active,125,2026-04-25T07:12:07.000Z,
sub_8257d015fcdd94a16c01,cust_2d67f9fa87646a415b2a,annual,active,125,2026-05-23T22:54:19.000Z,
sub_543fa73e35d6bcaf21ce,cust_f12d573a7db89c6b0db0,annual,active,125,2026-06-29T18:06:05.000Z,
sub_273af40b2d52f62329dc,cust_de3200e02e79b078e4cc,annual,active,125,2026-06-27T13:35:07.000Z,
sub_1f1204daf269ec196858,cust_d6af36285aebfc4502ee,annual,active,125,2026-06-01T06:24:01.000Z,
sub_7b07e2a13ea823e66942,cust_aede3899f1b269dd5ca8,annual,active,125,2026-05-25T20:21:16.000Z,
sub_cb8bc45033d74089cce0,cust_dfb85d530b9d4f97aca6,annual,active,125,2026-05-18T10:27:42.000Z,
sub_def3cf91ca5069b31883,cust_d47f5df8bbae49c0c253,annual,active,125,2026-05-05T16:12:17.000Z,
sub_8c9ba98fa69fb2c4f9a2,cust_6db7a39a47349fdf3f7d,annual,active,125,2026-04-30T21:47:59.000Z,
sub_e6081271226d1de643a7,cust_565f3bf40b3475aa8440,annual,active,125,2026-06-17T06:06:36.000Z,
sub_d55a339885ceed8bb7d9,cust_8aefe6f60c7832c04db8,annual,active,125,2026-06-17T11:27:06.000Z,
sub_d327fde3c6c39ba6b67e,cust_edbf5428bed9a81c5e40,annual,active,125,2026-06-05T23:51:04.000Z,
sub_42f2957823dd609cffd2,cust_50fbeaf7b70c91f61bbf,annual,active,125,2026-06-12T17:23:46.000Z,
sub_fe34ef083efc88f405ee,cust_9166ac8672f599facee3,annual,active,125,2026-05-03T20:47:49.000Z,
sub_9c1b308fef03c34e0cbb,cust_07033942d5ccc540200d,annual,active,125,2026-06-26T15:10:16.000Z,
sub_cd4225979f9f8b4e6a26,cust_1d7ec01124ec2e5be445,annual,active,125,2026-05-13T19:54:20.000Z,
sub_b4f47bde0d00799b298f,cust_97ecf8f3adf13c997407,annual,active,125,2026-06-16T07:22:23.000Z,
sub_c209456140a1038c7be5,cust_c076201ea091c0885c8f,annual,active,125,2026-05-19T20:15:36.000Z,
sub_d5b0976c9065f1cd6bbe,cust_7f2f14c2778447ca5775,annual,active,125,2026-06-13T10:39:19.000Z,
sub_6a28591ff4a273869779,cust_756e2648ebf91f5d2265,annual,active,125,2026-06-20T23:23:43.000Z,
sub_1b0c40099074480ae1ae,cust_769fb300006f72d34fc5,annual,active,125,2026-05-28T20:03:37.000Z,
sub_424db43b3f057204739f,cust_233f66d0a3de6abaab6e,annual,active,125,2026-06-03T12:41:40.000Z,
sub_65fe89eff7456a06b858,cust_9a37ff07b932f38de30a,annual,active,125,2026-06-01T21:21:27.000Z,
sub_40310ffd6607124aedac,cust_00696d3b48268f85fd2d,annual,active,125,2026-06-23T11:02:43.000Z,
sub_5e406fc86d3c5af5984a,cust_eae4194e16657f430aa4,annual,active,125,2026-05-20T08:05:09.000Z,
sub_4c5a5ac62fe8e2cf2fde,cust_bc729f9422e1afb5ad8d,annual,active,125,2026-06-04T18:55:09.000Z,
sub_1370d64650f2392320fc,cust_4702864399c9a73091a9,annual,active,125,2026-06-28T12:10:09.000Z,
sub_8c322e85073ce62c0c19,cust_10d4e6749f256e96e727,annual,active,125,2026-06-11T22:47:36.000Z,
sub_2138c2d5d00dcea18d3f,cust_2434cba35e2dba98f54b,annual,active,125,2026-05-30T14:37:30.000Z,
sub_0f64e72d2aeee54cb084,cust_02b2d8f5896719877045,annual,active,125,2026-05-24T15:14:13.000Z,
sub_c4afff3649badc3b0e58,cust_ff694216333ccd28ae57,annual,active,125,2026-05-22T08:08:22.000Z,
sub_51abf0fe29299a8e7b33,cust_3809e5c1c3787f3d711c,annual,active,125,2026-06-11T10:54:14.000Z,
sub_d903a6e4942636b73fdd,cust_20a924915cafaf85b89f,annual,active,125,2026-05-25T10:57:45.000Z,
sub_b999a81b6bac3c63e8ac,cust_e51284fb922f0cf50e56,annual,active,125,2026-06-19T14:28:40.000Z,
sub_c54db30452202d341b49,cust_022c87e85c4e01827e2c,annual,active,125,2026-05-16T20:02:58.000Z,
sub_58ab45f08d9f3058987a,cust_a52e4b6f48fd297342d8,annual,active,125,2026-05-27T21:00:59.000Z,
sub_1e321c2e2bcc31225935,cust_b31524d2f18484a56d98,annual,active,125,2026-05-27T14:41:40.000Z,
sub_5cfa5be6a907b1595e08,cust_c155fbc3adf1df5eb08e,annual,active,125,2026-06-16T17:29:16.000Z,
sub_967f284f940d6ec120ba,cust_9314b0b56845271c5a4a,annual,active,125,2026-06-11T06:02:29.000Z,
sub_351053cff201608e670f,cust_b69e675eaab5296d830f,annual,active,125,2026-06-25T16:36:12.000Z,
sub_47db79ec81ed04e997e3,cust_33d48306f077f0b1817b,annual,active,125,2026-06-16T13:52:28.000Z,
sub_103f2e15bbd460441c1b,cust_819c883de717025633ee,annual,active,125,2026-05-30T08:26:09.000Z,
sub_484325003b205de3606b,cust_e913323917602106774e,annual,active,125,2026-06-16T20:15:49.000Z,
sub_101727f20a236cfc3aae,cust_6fdf586c3930f137172e,annual,active,125,2026-06-16T22:32:56.000Z,
sub_0811a7b2e8e67dead220,cust_4a057430642f013bc087,annual,active,125,2026-05-30T10:19:33.000Z,
sub_307fa563ce2a7ad18d72,cust_5532fc4c83271ce6842e,annual,active,125,2026-06-16T11:12:57.000Z,
sub_6af7fa5ea60a2964ab3c,cust_45e8a9174c39150c1248,annual,active,125,2026-06-01T11:13:52.000Z,
sub_6dc248e4211716eebb82,cust_e814e67f9db55086fb8b,annual,active,125,2026-05-28T10:43:25.000Z,
sub_ebab2fd8b642a495a1dc,cust_fb55da4e365951a72329,annual,active,125,2026-06-29T18:33:06.000Z,
sub_8aed8db89db9ab7fd06a,cust_e1210eb263cc0c909ec6,annual,active,125,2026-06-26T17:27:37.000Z,
sub_094576e62c148313df98,cust_df55a2002564cf4f99f2,annual,active,125,2026-06-23T07:45:25.000Z,
sub_fd1b3a2a2aaf83f4cdb5,cust_cf6a01a8ec7d3cbba459,annual,active,125,2026-06-30T18:47:56.000Z,
sub_4383b7f55e343df94099,cust_beda0e422bf54c854b11,annual,active,125,2026-06-07T06:11:35.000Z,
sub_5e8db374d3f2a4d222c4,cust_69f4e810e3920bb342d3,annual,active,125,2026-06-24T22:10:53.000Z,
sub_fd4c97af733017160360,cust_ac1f6ea4a05bb526f132,annual,active,125,2026-06-15T16:10:15.000Z,
sub_04b81e535102b4b9a3f8,cust_bcb357907316b056cda5,annual,active,125,2026-06-29T20:24:55.000Z,
sub_f82c4ba2d7f4ce680fe0,cust_6c3522e34cacb01e33a5,annual,active,125,2026-06-06T07:16:45.000Z,
sub_5abdc7c162585bbbdbc4,cust_4bed2c1f15ec7a7fee00,annual,active,125,2026-06-04T13:51:01.000Z,
sub_9672279c1f68f50b58e6,cust_20eb172e39e0234e06b7,annual,active,125,2026-06-14T11:19:04.000Z,
sub_9c6f40d98bcc81ae6a8f,cust_e02760f904129f0ab671,annual,active,125,2026-06-24T15:15:11.000Z,
sub_821bd36a4ec507c19215,cust_ca9534183e4670ff0876,annual,active,125,2026-06-06T21:48:09.000Z,
sub_3584ea2d6618fea4f0d1,cust_4a99717af295093373e4,annual,active,125,2026-06-13T16:56:39.000Z,
sub_8815d9a79796dd69c129,cust_8e059c79b6fba818d0cc,annual,active,125,2026-06-26T14:41:45.000Z,
sub_e234f2eef3fa18e13385,cust_07845a0ca8dd2710dc81,annual,active,125,2026-06-28T10:08:17.000Z,
sub_d51bf5998ee15b631422,cust_6b4853ccba04a6327cd4,annual,active,125,2026-06-23T12:15:12.000Z,
sub_75988d99b46bd724074e,cust_f4e0ff86961adf8c1415,annual,active,125,2026-06-30T08:51:06.000Z,
sub_9ef1fc8e1059db6e6b37,cust_538138e2afe33826f23c,annual,active,125,2026-06-14T20:15:04.000Z,
sub_756271fd8db968f90993,cust_b69773ed5908416f0824,annual,active,125,2026-06-13T23:19:39.000Z,
sub_0291614caf7963f16102,cust_236455a5cb0877cf52ac,annual,active,125,2026-06-13T23:56:19.000Z,
sub_4c3c8b65eea7a90fd66c,cust_f1f2fb502a74cd5a8425,annual,active,125,2026-06-20T18:57:52.000Z,
sub_3210597ab45ba942a9eb,cust_115838af00af752b20ae,annual,active,125,2026-06-17T15:13:02.000Z,
sub_32db6031363b24b2fa2f,cust_654ce610811946bf185a,annual,active,125,2026-06-28T11:30:20.000Z,
sub_05e3fdbee15c4ca3a325,cust_3726a1912a6971af5ac6,annual,active,125,2026-06-24T20:54:06.000Z,
sub_7c037e595c80db27112a,cust_7513474dc6182e66056c,annual,active,125,2026-06-25T13:04:35.000Z,
sub_ce09994cfc8bb405cd72,cust_24891dea2207bf638b37,annual,active,125,2026-06-24T22:38:28.000Z,
sub_a926f3bcf11acec9bfc7,cust_f3adba59e5e84be798e8,annual,active,125,2026-06-21T19:12:57.000Z,
sub_acaa1ffab6ed4ff75923,cust_65582c972b6ce09bfccb,annual,active,125,2026-06-20T11:11:08.000Z,
sub_de67dadb94e7c32850a8,cust_66557cb45074991a8c16,annual,active,125,2026-06-25T21:28:32.000Z,
sub_90039c72a145c9bf7a03,cust_506e6fbff61ad629958c,annual,active,125,2026-06-30T12:31:24.000Z,
sub_4666fadbc32eb12951e3,cust_92e9be1658842374510c,annual,active,125,2026-06-30T23:09:10.000Z,
