id,product_id,sku,color,size,gender,price,created_at
var_320e93b779cc3f59b69d,prod_d43b2cf8fa29d7ae9b37,RGT-W-7-BLA,black,7,womens,136.59,2025-01-01T00:00:00.000Z
var_17f58fc6b2961004e931,prod_d43b2cf8fa29d7ae9b37,RGT-W-7-WHI,white,7,womens,137.45,2025-01-01T00:00:00.000Z
var_2abdb293ed839904df8a,prod_d43b2cf8fa29d7ae9b37,RGT-W-7-BLU,blue,7,womens,134.18,2025-01-01T00:00:00.000Z
var_6f0cce9478da3e151612,prod_d43b2cf8fa29d7ae9b37,RGT-W-8-BLA,black,8,womens,136.67,2025-01-01T00:00:00.000Z
var_a02a8c90a7e79350209b,prod_d43b2cf8fa29d7ae9b37,RGT-W-8-WHI,white,8,womens,123.39,2025-01-01T00:00:00.000Z
var_a63023dcf36046e5dc4e,prod_d43b2cf8fa29d7ae9b37,RGT-W-8-BLU,blue,8,womens,122.01,2025-01-01T00:00:00.000Z
var_e8598f4784994d3f8438,prod_d43b2cf8fa29d7ae9b37,RGT-W-9-BLA,black,9,womens,127.96,2025-01-01T00:00:00.000Z
var_03696f04943b92dadb38,prod_d43b2cf8fa29d7ae9b37,RGT-W-9-WHI,white,9,womens,123.11,2025-01-01T00:00:00.000Z
var_01a56d62607b13a33c4e,prod_d43b2cf8fa29d7ae9b37,RGT-W-9-BLU,blue,9,womens,131.6,2025-01-01T00:00:00.000Z
var_5267390ff261d8c9917a,prod_d43b2cf8fa29d7ae9b37,RGT-W-10-BLA,black,10,womens,135.7,2025-01-01T00:00:00.000Z
var_4bc34e01cda1012288f6,prod_d43b2cf8fa29d7ae9b37,RGT-W-10-WHI,white,10,womens,130.09,2025-01-01T00:00:00.000Z
var_02fb794660a1ff5b5481,prod_d43b2cf8fa29d7ae9b37,RGT-W-10-BLU,blue,10,womens,135.8,2025-01-01T00:00:00.000Z
var_41628dba54c9c6861c9d,prod_d43b2cf8fa29d7ae9b37,RGT-W-11-BLA,black,11,womens,123.47,2025-01-01T00:00:00.000Z
var_db3c0fa83abed429ed33,prod_d43b2cf8fa29d7ae9b37,RGT-W-11-WHI,white,11,womens,130.28,2025-01-01T00:00:00.000Z
var_87fdb4d38460cd899505,prod_d43b2cf8fa29d7ae9b37,RGT-W-11-BLU,blue,11,womens,131.24,2025-01-01T00:00:00.000Z
var_13c3ed1f6d0b19413901,prod_d43b2cf8fa29d7ae9b37,RGT-W-12-BLA,black,12,womens,125.7,2025-01-01T00:00:00.000Z
var_22ec18309fa5f5e5288d,prod_d43b2cf8fa29d7ae9b37,RGT-W-12-WHI,white,12,womens,125.8,2025-01-01T00:00:00.000Z
var_26e0822c757ab04bd6c8,prod_d43b2cf8fa29d7ae9b37,RGT-W-12-BLU,blue,12,womens,136.7,2025-01-01T00:00:00.000Z
var_d8747d212def9f4c3e80,prod_d43b2cf8fa29d7ae9b37,RGT-M-7-BLA,black,7,mens,125.9,2025-01-01T00:00:00.000Z
var_5db963bcd8fbf81b2e05,prod_d43b2cf8fa29d7ae9b37,RGT-M-7-WHI,white,7,mens,135.53,2025-01-01T00:00:00.000Z
var_3cc406399bed25270f9e,prod_d43b2cf8fa29d7ae9b37,RGT-M-7-BLU,blue,7,mens,133.65,2025-01-01T00:00:00.000Z
var_f3e3682f5daf474543ab,prod_d43b2cf8fa29d7ae9b37,RGT-M-8-BLA,black,8,mens,137.85,2025-01-01T00:00:00.000Z
var_b35ae4d77d0efb3389d3,prod_d43b2cf8fa29d7ae9b37,RGT-M-8-WHI,white,8,mens,128.93,2025-01-01T00:00:00.000Z
var_caae1453b01f7b10b548,prod_d43b2cf8fa29d7ae9b37,RGT-M-8-BLU,blue,8,mens,122.78,2025-01-01T00:00:00.000Z
var_1375ba8c6f393210c436,prod_d43b2cf8fa29d7ae9b37,RGT-M-9-BLA,black,9,mens,125.95,2025-01-01T00:00:00.000Z
var_87e530ced3270be98f36,prod_d43b2cf8fa29d7ae9b37,RGT-M-9-WHI,white,9,mens,123.01,2025-01-01T00:00:00.000Z
var_89efa340b18949bb9c2f,prod_d43b2cf8fa29d7ae9b37,RGT-M-9-BLU,blue,9,mens,135.17,2025-01-01T00:00:00.000Z
var_1281ece6b89ebbdd0340,prod_d43b2cf8fa29d7ae9b37,RGT-M-10-BLA,black,10,mens,133.88,2025-01-01T00:00:00.000Z
var_1fbd683f0c26c28d4200,prod_d43b2cf8fa29d7ae9b37,RGT-M-10-WHI,white,10,mens,137.54,2025-01-01T00:00:00.000Z
var_2cc49091108ce06c317f,prod_d43b2cf8fa29d7ae9b37,RGT-M-10-BLU,blue,10,mens,125.02,2025-01-01T00:00:00.000Z
var_e458e9983f2d79d6ed15,prod_d43b2cf8fa29d7ae9b37,RGT-M-11-BLA,black,11,mens,137.2,2025-01-01T00:00:00.000Z
var_a2c2c81c60e69fda9995,prod_d43b2cf8fa29d7ae9b37,RGT-M-11-WHI,white,11,mens,133.96,2025-01-01T00:00:00.000Z
var_7d1ebbe12c99beb1f424,prod_d43b2cf8fa29d7ae9b37,RGT-M-11-BLU,blue,11,mens,122.6,2025-01-01T00:00:00.000Z
var_c313512d9379d00efca9,prod_d43b2cf8fa29d7ae9b37,RGT-M-12-BLA,black,12,mens,134.92,2025-01-01T00:00:00.000Z
var_aa050b328bd26312a85e,prod_d43b2cf8fa29d7ae9b37,RGT-M-12-WHI,white,12,mens,131.9,2025-01-01T00:00:00.000Z
var_d3aca37c9bca975444e2,prod_d43b2cf8fa29d7ae9b37,RGT-M-12-BLU,blue,12,mens,133.21,2025-01-01T00:00:00.000Z
var_70fe6fd57228fdd24400,prod_ee93d55d30addeff6954,RMR-W-7-BLA,black,7,womens,154.21,2025-01-01T00:00:00.000Z
var_a0efe0997b6073b5e9d5,prod_ee93d55d30addeff6954,RMR-W-7-WHI,white,7,womens,160.76,2025-01-01T00:00:00.000Z
var_c9ae287d0fd94aec879d,prod_ee93d55d30addeff6954,RMR-W-7-BLU,blue,7,womens,156.11,2025-01-01T00:00:00.000Z
var_0dc2751ef1e6063b7445,prod_ee93d55d30addeff6954,RMR-W-8-BLA,black,8,womens,159.58,2025-01-01T00:00:00.000Z
var_075418ff0be5cdb7558e,prod_ee93d55d30addeff6954,RMR-W-8-WHI,white,8,womens,148.4,2025-01-01T00:00:00.000Z
var_422a1ef6d8410f6c318d,prod_ee93d55d30addeff6954,RMR-W-8-BLU,blue,8,womens,166.07,2025-01-01T00:00:00.000Z
var_0f755faccbe419124cf5,prod_ee93d55d30addeff6954,RMR-W-9-BLA,black,9,womens,150.53,2025-01-01T00:00:00.000Z
var_eb2f38cea72d24acd1c4,prod_ee93d55d30addeff6954,RMR-W-9-WHI,white,9,womens,149.58,2025-01-01T00:00:00.000Z
var_83bee3abddcf0fc27f98,prod_ee93d55d30addeff6954,RMR-W-9-BLU,blue,9,womens,157.7,2025-01-01T00:00:00.000Z
var_23eb40a02aea71235f7f,prod_ee93d55d30addeff6954,RMR-W-10-BLA,black,10,womens,158.54,2025-01-01T00:00:00.000Z
var_ebb8cc29fc6683dff27c,prod_ee93d55d30addeff6954,RMR-W-10-WHI,white,10,womens,166.85,2025-01-01T00:00:00.000Z
var_269576cae5504f7beee6,prod_ee93d55d30addeff6954,RMR-W-10-BLU,blue,10,womens,160.51,2025-01-01T00:00:00.000Z
var_9f281e7cd219f0029526,prod_ee93d55d30addeff6954,RMR-W-11-BLA,black,11,womens,167.36,2025-01-01T00:00:00.000Z
var_acf7ad33d8cefca798db,prod_ee93d55d30addeff6954,RMR-W-11-WHI,white,11,womens,163.28,2025-01-01T00:00:00.000Z
var_0b6ca25661b3bea06ed9,prod_ee93d55d30addeff6954,RMR-W-11-BLU,blue,11,womens,164.98,2025-01-01T00:00:00.000Z
var_9d18dbed26f272d168b2,prod_ee93d55d30addeff6954,RMR-W-12-BLA,black,12,womens,160.39,2025-01-01T00:00:00.000Z
var_6fbe552270a22d50cfd4,prod_ee93d55d30addeff6954,RMR-W-12-WHI,white,12,womens,167.13,2025-01-01T00:00:00.000Z
var_7929a442006436a2f4b9,prod_ee93d55d30addeff6954,RMR-W-12-BLU,blue,12,womens,160.94,2025-01-01T00:00:00.000Z
var_4859439609400df4e33c,prod_ee93d55d30addeff6954,RMR-M-7-BLA,black,7,mens,158.01,2025-01-01T00:00:00.000Z
var_43a5f128559af0f8f854,prod_ee93d55d30addeff6954,RMR-M-7-WHI,white,7,mens,160.61,2025-01-01T00:00:00.000Z
var_76a3d7146b323dd2a889,prod_ee93d55d30addeff6954,RMR-M-7-BLU,blue,7,mens,163.52,2025-01-01T00:00:00.000Z
var_85fb0baa8d121f327944,prod_ee93d55d30addeff6954,RMR-M-8-BLA,black,8,mens,161.97,2025-01-01T00:00:00.000Z
var_b3220a2f29d9e3096a2f,prod_ee93d55d30addeff6954,RMR-M-8-WHI,white,8,mens,162.69,2025-01-01T00:00:00.000Z
var_2d63af5c80cedd103436,prod_ee93d55d30addeff6954,RMR-M-8-BLU,blue,8,mens,166.71,2025-01-01T00:00:00.000Z
var_2fe8bce190c7eb41dfc8,prod_ee93d55d30addeff6954,RMR-M-9-BLA,black,9,mens,150.93,2025-01-01T00:00:00.000Z
var_1b8f63ab3f5e208113ca,prod_ee93d55d30addeff6954,RMR-M-9-WHI,white,9,mens,167.27,2025-01-01T00:00:00.000Z
var_c491091d5ab7ff33db46,prod_ee93d55d30addeff6954,RMR-M-9-BLU,blue,9,mens,149.67,2025-01-01T00:00:00.000Z
var_b319dcd8931c568f8dde,prod_ee93d55d30addeff6954,RMR-M-10-BLA,black,10,mens,161.38,2025-01-01T00:00:00.000Z
var_8d654d633876e75e4317,prod_ee93d55d30addeff6954,RMR-M-10-WHI,white,10,mens,155.47,2025-01-01T00:00:00.000Z
var_ed3640d449d418509f57,prod_ee93d55d30addeff6954,RMR-M-10-BLU,blue,10,mens,161.83,2025-01-01T00:00:00.000Z
var_9cd2bb280dce3fa2e76b,prod_ee93d55d30addeff6954,RMR-M-11-BLA,black,11,mens,155.82,2025-01-01T00:00:00.000Z
var_61a3d99f3dd57555f061,prod_ee93d55d30addeff6954,RMR-M-11-WHI,white,11,mens,156.1,2025-01-01T00:00:00.000Z
var_bd31f3105de2d7714577,prod_ee93d55d30addeff6954,RMR-M-11-BLU,blue,11,mens,150.7,2025-01-01T00:00:00.000Z
var_30fe308642c7372a4c55,prod_ee93d55d30addeff6954,RMR-M-12-BLA,black,12,mens,164.56,2025-01-01T00:00:00.000Z
var_1c227362843cad63ec2d,prod_ee93d55d30addeff6954,RMR-M-12-WHI,white,12,mens,160.09,2025-01-01T00:00:00.000Z
var_efeb55e5136f27ed409c,prod_ee93d55d30addeff6954,RMR-M-12-BLU,blue,12,mens,164.27,2025-01-01T00:00:00.000Z
var_6255fbba1fc1f01b7ee9,prod_438a44848bc196e6d975,RTF-W-7-BLA,black,7,womens,139.62,2025-01-01T00:00:00.000Z
var_17ee5bcff06d14279787,prod_438a44848bc196e6d975,RTF-W-7-WHI,white,7,womens,140.35,2025-01-01T00:00:00.000Z
var_eaa58626775f5e10787c,prod_438a44848bc196e6d975,RTF-W-7-BLU,blue,7,womens,153.07,2025-01-01T00:00:00.000Z
var_05e312d19f2d967b02ae,prod_438a44848bc196e6d975,RTF-W-8-BLA,black,8,womens,147.95,2025-01-01T00:00:00.000Z
var_68f5766a025554c3eaa9,prod_438a44848bc196e6d975,RTF-W-8-WHI,white,8,womens,146.33,2025-01-01T00:00:00.000Z
var_508fbb721d582106874e,prod_438a44848bc196e6d975,RTF-W-8-BLU,blue,8,womens,135.32,2025-01-01T00:00:00.000Z
var_b72377f8338f3eabe496,prod_438a44848bc196e6d975,RTF-W-9-BLA,black,9,womens,148.37,2025-01-01T00:00:00.000Z
var_64d39327630553f2e1b9,prod_438a44848bc196e6d975,RTF-W-9-WHI,white,9,womens,143.41,2025-01-01T00:00:00.000Z
var_b11b6b090279cfa04155,prod_438a44848bc196e6d975,RTF-W-9-BLU,blue,9,womens,144.69,2025-01-01T00:00:00.000Z
var_2ea4bbd80d521a5e2104,prod_438a44848bc196e6d975,RTF-W-10-BLA,black,10,womens,145.56,2025-01-01T00:00:00.000Z
var_76cac52bed832c30a5b3,prod_438a44848bc196e6d975,RTF-W-10-WHI,white,10,womens,139.11,2025-01-01T00:00:00.000Z
var_410af979ba0b61e8b1fa,prod_438a44848bc196e6d975,RTF-W-10-BLU,blue,10,womens,138.49,2025-01-01T00:00:00.000Z
var_cca84c818b8d1dc7a408,prod_438a44848bc196e6d975,RTF-W-11-BLA,black,11,womens,137.68,2025-01-01T00:00:00.000Z
var_b205c40ad363b680ec58,prod_438a44848bc196e6d975,RTF-W-11-WHI,white,11,womens,139.63,2025-01-01T00:00:00.000Z
var_823a189d514c6e10865d,prod_438a44848bc196e6d975,RTF-W-11-BLU,blue,11,womens,150.81,2025-01-01T00:00:00.000Z
var_5579d3dcd9580bd272b2,prod_438a44848bc196e6d975,RTF-W-12-BLA,black,12,womens,140.86,2025-01-01T00:00:00.000Z
var_d1592d795041e81f6c4e,prod_438a44848bc196e6d975,RTF-W-12-WHI,white,12,womens,148.03,2025-01-01T00:00:00.000Z
var_f6a18c0e86b9ac9532f4,prod_438a44848bc196e6d975,RTF-W-12-BLU,blue,12,womens,150.88,2025-01-01T00:00:00.000Z
var_0b2b595a7dc5b15f1c86,prod_438a44848bc196e6d975,RTF-M-7-BLA,black,7,mens,148.91,2025-01-01T00:00:00.000Z
var_c363351edb0ceb1afad6,prod_438a44848bc196e6d975,RTF-M-7-WHI,white,7,mens,139.35,2025-01-01T00:00:00.000Z
var_c87f257a229ce7eafa08,prod_438a44848bc196e6d975,RTF-M-7-BLU,blue,7,mens,147.13,2025-01-01T00:00:00.000Z
var_a7daae96f9b2f50dfdef,prod_438a44848bc196e6d975,RTF-M-8-BLA,black,8,mens,140.03,2025-01-01T00:00:00.000Z
var_164a5b158bfc49dcbc82,prod_438a44848bc196e6d975,RTF-M-8-WHI,white,8,mens,141.75,2025-01-01T00:00:00.000Z
var_d50ecabaab63713dbe3c,prod_438a44848bc196e6d975,RTF-M-8-BLU,blue,8,mens,149.02,2025-01-01T00:00:00.000Z
var_e117db91e6327b985328,prod_438a44848bc196e6d975,RTF-M-9-BLA,black,9,mens,144.5,2025-01-01T00:00:00.000Z
var_aeba55eb9e30673a577a,prod_438a44848bc196e6d975,RTF-M-9-WHI,white,9,mens,149.62,2025-01-01T00:00:00.000Z
var_b5006b5f302fb3c0822b,prod_438a44848bc196e6d975,RTF-M-9-BLU,blue,9,mens,153.05,2025-01-01T00:00:00.000Z
var_70d6578905075ca6871b,prod_438a44848bc196e6d975,RTF-M-10-BLA,black,10,mens,137.73,2025-01-01T00:00:00.000Z
var_6820abf40d03602f4536,prod_438a44848bc196e6d975,RTF-M-10-WHI,white,10,mens,146.03,2025-01-01T00:00:00.000Z
var_8768929dc580179c1fad,prod_438a44848bc196e6d975,RTF-M-10-BLU,blue,10,mens,147.94,2025-01-01T00:00:00.000Z
var_9714066032b1c68057b8,prod_438a44848bc196e6d975,RTF-M-11-BLA,black,11,mens,139.43,2025-01-01T00:00:00.000Z
var_14bd7ed084b7132e19a3,prod_438a44848bc196e6d975,RTF-M-11-WHI,white,11,mens,151.56,2025-01-01T00:00:00.000Z
var_b45c40adf3eb6d63798c,prod_438a44848bc196e6d975,RTF-M-11-BLU,blue,11,mens,138.98,2025-01-01T00:00:00.000Z
var_84b95c9fb4b7809f8a34,prod_438a44848bc196e6d975,RTF-M-12-BLA,black,12,mens,137.73,2025-01-01T00:00:00.000Z
var_d7120c7c2177c417b214,prod_438a44848bc196e6d975,RTF-M-12-WHI,white,12,mens,148.93,2025-01-01T00:00:00.000Z
var_0b5c0ad0f1e4e8da6ed8,prod_438a44848bc196e6d975,RTF-M-12-BLU,blue,12,mens,148.59,2025-01-01T00:00:00.000Z
var_ab88c6de58ee2fcdf9e4,prod_0189531a36c049171820,RRS-W-XS-BLA,black,XS,womens,48.43,2025-01-01T00:00:00.000Z
var_00c1c82f6d8a8b24ddf5,prod_0189531a36c049171820,RRS-W-XS-WHI,white,XS,womens,45.99,2025-01-01T00:00:00.000Z
var_ec38e216853971e3ca9c,prod_0189531a36c049171820,RRS-W-XS-BLU,blue,XS,womens,46.73,2025-01-01T00:00:00.000Z
var_439c19cbc3abe2d73929,prod_0189531a36c049171820,RRS-W-S-BLA,black,S,womens,48.83,2025-01-01T00:00:00.000Z
var_6590129bf85a309d3f8f,prod_0189531a36c049171820,RRS-W-S-WHI,white,S,womens,51.43,2025-01-01T00:00:00.000Z
var_6b0100cdc1ef1031469b,prod_0189531a36c049171820,RRS-W-S-BLU,blue,S,womens,49.1,2025-01-01T00:00:00.000Z
var_617730612696e695ed41,prod_0189531a36c049171820,RRS-W-M-BLA,black,M,womens,47.57,2025-01-01T00:00:00.000Z
var_b5d905be4efb894192b7,prod_0189531a36c049171820,RRS-W-M-WHI,white,M,womens,48.11,2025-01-01T00:00:00.000Z
var_360731b0a803c24bfd69,prod_0189531a36c049171820,RRS-W-M-BLU,blue,M,womens,49.17,2025-01-01T00:00:00.000Z
var_b30af374f3e8523449d6,prod_0189531a36c049171820,RRS-W-L-BLA,black,L,womens,51.73,2025-01-01T00:00:00.000Z
var_0f3bd97c57258221527f,prod_0189531a36c049171820,RRS-W-L-WHI,white,L,womens,48.58,2025-01-01T00:00:00.000Z
var_fcc7e2fc3cb72570cbfc,prod_0189531a36c049171820,RRS-W-L-BLU,blue,L,womens,50.33,2025-01-01T00:00:00.000Z
var_00df6f028ceddde26b68,prod_0189531a36c049171820,RRS-W-XL-BLA,black,XL,womens,51.28,2025-01-01T00:00:00.000Z
var_b328308955a099219aba,prod_0189531a36c049171820,RRS-W-XL-WHI,white,XL,womens,51.23,2025-01-01T00:00:00.000Z
var_1bc3cc6be2d148f68d07,prod_0189531a36c049171820,RRS-W-XL-BLU,blue,XL,womens,46.07,2025-01-01T00:00:00.000Z
var_93c4efb5105239106e76,prod_0189531a36c049171820,RRS-M-XS-BLA,black,XS,mens,46.7,2025-01-01T00:00:00.000Z
var_7657acb4edd171a3e158,prod_0189531a36c049171820,RRS-M-XS-WHI,white,XS,mens,51.44,2025-01-01T00:00:00.000Z
var_7c8a95c30a2e093e0468,prod_0189531a36c049171820,RRS-M-XS-BLU,blue,XS,mens,51.61,2025-01-01T00:00:00.000Z
var_e7d27b69dfb62d802fec,prod_0189531a36c049171820,RRS-M-S-BLA,black,S,mens,49.92,2025-01-01T00:00:00.000Z
var_b9ed5b404fd99996ec9f,prod_0189531a36c049171820,RRS-M-S-WHI,white,S,mens,50.06,2025-01-01T00:00:00.000Z
var_324e13c984d9aaab9604,prod_0189531a36c049171820,RRS-M-S-BLU,blue,S,mens,48.6,2025-01-01T00:00:00.000Z
var_cad1bc675f38c394a994,prod_0189531a36c049171820,RRS-M-M-BLA,black,M,mens,49.89,2025-01-01T00:00:00.000Z
var_fa3dbd5a2054f66ebda8,prod_0189531a36c049171820,RRS-M-M-WHI,white,M,mens,49.24,2025-01-01T00:00:00.000Z
var_03627cfde38743cff6a4,prod_0189531a36c049171820,RRS-M-M-BLU,blue,M,mens,46.82,2025-01-01T00:00:00.000Z
var_22afdc3bc66d8c370224,prod_0189531a36c049171820,RRS-M-L-BLA,black,L,mens,47.77,2025-01-01T00:00:00.000Z
var_51f120a7b2c0d86f9a2b,prod_0189531a36c049171820,RRS-M-L-WHI,white,L,mens,48.26,2025-01-01T00:00:00.000Z
var_65cde14be098ea1a671d,prod_0189531a36c049171820,RRS-M-L-BLU,blue,L,mens,50.23,2025-01-01T00:00:00.000Z
var_3827fef61cdfb42fbde9,prod_0189531a36c049171820,RRS-M-XL-BLA,black,XL,mens,47.67,2025-01-01T00:00:00.000Z
var_e1d35731895df46c299d,prod_0189531a36c049171820,RRS-M-XL-WHI,white,XL,mens,47.23,2025-01-01T00:00:00.000Z
var_a11d1e73dd135e3f1cb9,prod_0189531a36c049171820,RRS-M-XL-BLU,blue,XL,mens,48.11,2025-01-01T00:00:00.000Z
var_77f9b98f706e27f8d8f9,prod_4fb11ac857411bda88a4,RAS-W-XS-BLA,black,XS,womens,57.94,2025-01-01T00:00:00.000Z
var_fad911836ba0bc2d17e3,prod_4fb11ac857411bda88a4,RAS-W-XS-WHI,white,XS,womens,53.4,2025-01-01T00:00:00.000Z
var_6b4cde94e24613aa178d,prod_4fb11ac857411bda88a4,RAS-W-XS-BLU,blue,XS,womens,52.28,2025-01-01T00:00:00.000Z
var_71823e970238e186821c,prod_4fb11ac857411bda88a4,RAS-W-S-BLA,black,S,womens,53.02,2025-01-01T00:00:00.000Z
var_58a00b869159191e4ac9,prod_4fb11ac857411bda88a4,RAS-W-S-WHI,white,S,womens,52.09,2025-01-01T00:00:00.000Z
var_70e1c4a0d7096208c340,prod_4fb11ac857411bda88a4,RAS-W-S-BLU,blue,S,womens,51.66,2025-01-01T00:00:00.000Z
var_e49c1d617edcf65ee83c,prod_4fb11ac857411bda88a4,RAS-W-M-BLA,black,M,womens,51.31,2025-01-01T00:00:00.000Z
var_acbadd53c4704809d846,prod_4fb11ac857411bda88a4,RAS-W-M-WHI,white,M,womens,56.05,2025-01-01T00:00:00.000Z
var_2683dc797f5a0706de2c,prod_4fb11ac857411bda88a4,RAS-W-M-BLU,blue,M,womens,57.54,2025-01-01T00:00:00.000Z
var_6bfb37f2e216be599dfb,prod_4fb11ac857411bda88a4,RAS-W-L-BLA,black,L,womens,51.6,2025-01-01T00:00:00.000Z
var_55e00ca073f61b9775de,prod_4fb11ac857411bda88a4,RAS-W-L-WHI,white,L,womens,56.92,2025-01-01T00:00:00.000Z
var_b1841532494f148dfc95,prod_4fb11ac857411bda88a4,RAS-W-L-BLU,blue,L,womens,56.69,2025-01-01T00:00:00.000Z
var_63784919911926a972c2,prod_4fb11ac857411bda88a4,RAS-W-XL-BLA,black,XL,womens,54.93,2025-01-01T00:00:00.000Z
var_0c8dbcf461e87274cd44,prod_4fb11ac857411bda88a4,RAS-W-XL-WHI,white,XL,womens,52.93,2025-01-01T00:00:00.000Z
var_85a21cc286764b196eba,prod_4fb11ac857411bda88a4,RAS-W-XL-BLU,blue,XL,womens,54.78,2025-01-01T00:00:00.000Z
var_69ad1a308528a65fbf7f,prod_4fb11ac857411bda88a4,RAS-M-XS-BLA,black,XS,mens,56.41,2025-01-01T00:00:00.000Z
var_48589628c217474fe88e,prod_4fb11ac857411bda88a4,RAS-M-XS-WHI,white,XS,mens,51.62,2025-01-01T00:00:00.000Z
var_78ce2ee3c901aabec73e,prod_4fb11ac857411bda88a4,RAS-M-XS-BLU,blue,XS,mens,51.63,2025-01-01T00:00:00.000Z
var_94b54f7c484f05634866,prod_4fb11ac857411bda88a4,RAS-M-S-BLA,black,S,mens,53.56,2025-01-01T00:00:00.000Z
var_fc65fa629ab0cfab4741,prod_4fb11ac857411bda88a4,RAS-M-S-WHI,white,S,mens,51.38,2025-01-01T00:00:00.000Z
var_0298ed73b20b2a58ddc3,prod_4fb11ac857411bda88a4,RAS-M-S-BLU,blue,S,mens,51.39,2025-01-01T00:00:00.000Z
var_b9b996a2b08ed40ea006,prod_4fb11ac857411bda88a4,RAS-M-M-BLA,black,M,mens,51.59,2025-01-01T00:00:00.000Z
var_97d1184949150ec3ff6c,prod_4fb11ac857411bda88a4,RAS-M-M-WHI,white,M,mens,55.25,2025-01-01T00:00:00.000Z
var_9ddc10ac2aa76ca09954,prod_4fb11ac857411bda88a4,RAS-M-M-BLU,blue,M,mens,54.57,2025-01-01T00:00:00.000Z
var_79dbcc3eddbb79b3678b,prod_4fb11ac857411bda88a4,RAS-M-L-BLA,black,L,mens,58.12,2025-01-01T00:00:00.000Z
var_dc811c3db2dffa2b4d77,prod_4fb11ac857411bda88a4,RAS-M-L-WHI,white,L,mens,52.08,2025-01-01T00:00:00.000Z
var_03e26300920b777b60ce,prod_4fb11ac857411bda88a4,RAS-M-L-BLU,blue,L,mens,56.3,2025-01-01T00:00:00.000Z
var_2f00cf3713efd884f325,prod_4fb11ac857411bda88a4,RAS-M-XL-BLA,black,XL,mens,53.85,2025-01-01T00:00:00.000Z
var_8d03581fc9e13826e5f0,prod_4fb11ac857411bda88a4,RAS-M-XL-WHI,white,XL,mens,55.83,2025-01-01T00:00:00.000Z
var_8c55152214d872854644,prod_4fb11ac857411bda88a4,RAS-M-XL-BLU,blue,XL,mens,51.34,2025-01-01T00:00:00.000Z
var_53840b82f1f41986b97b,prod_2efa0aed0d6e67ecae58,R5S-W-XS-BLA,black,XS,womens,67.2,2025-01-01T00:00:00.000Z
var_499d2419d323a686d2c6,prod_2efa0aed0d6e67ecae58,R5S-W-XS-WHI,white,XS,womens,65.73,2025-01-01T00:00:00.000Z
var_6dfdc29a2a61c6f5087f,prod_2efa0aed0d6e67ecae58,R5S-W-XS-BLU,blue,XS,womens,63.55,2025-01-01T00:00:00.000Z
var_64183720fcbbbd913ed0,prod_2efa0aed0d6e67ecae58,R5S-W-S-BLA,black,S,womens,66.55,2025-01-01T00:00:00.000Z
var_d045b09c714a135c2f0a,prod_2efa0aed0d6e67ecae58,R5S-W-S-WHI,white,S,womens,61.67,2025-01-01T00:00:00.000Z
var_f6d3f9a9c8e4616f6c5c,prod_2efa0aed0d6e67ecae58,R5S-W-S-BLU,blue,S,womens,64.17,2025-01-01T00:00:00.000Z
var_1a3c43e3bd57b167f4c1,prod_2efa0aed0d6e67ecae58,R5S-W-M-BLA,black,M,womens,64.25,2025-01-01T00:00:00.000Z
var_b54607373ac7bafb02f6,prod_2efa0aed0d6e67ecae58,R5S-W-M-WHI,white,M,womens,66.19,2025-01-01T00:00:00.000Z
var_5414ce2508350e24da4d,prod_2efa0aed0d6e67ecae58,R5S-W-M-BLU,blue,M,womens,65.7,2025-01-01T00:00:00.000Z
var_1e08d41c5ab96cce1ce2,prod_2efa0aed0d6e67ecae58,R5S-W-L-BLA,black,L,womens,65.79,2025-01-01T00:00:00.000Z
var_93a3c087875d45eb3101,prod_2efa0aed0d6e67ecae58,R5S-W-L-WHI,white,L,womens,61.6,2025-01-01T00:00:00.000Z
var_e03ac89cc365fa42f93c,prod_2efa0aed0d6e67ecae58,R5S-W-L-BLU,blue,L,womens,61.04,2025-01-01T00:00:00.000Z
var_7696cc7d0631b8c9ee6f,prod_2efa0aed0d6e67ecae58,R5S-W-XL-BLA,black,XL,womens,62.34,2025-01-01T00:00:00.000Z
var_0cf84000f5859801c60f,prod_2efa0aed0d6e67ecae58,R5S-W-XL-WHI,white,XL,womens,62.16,2025-01-01T00:00:00.000Z
var_8031b1936b5e05c16a08,prod_2efa0aed0d6e67ecae58,R5S-W-XL-BLU,blue,XL,womens,66.23,2025-01-01T00:00:00.000Z
var_3faf67b40721672e3de6,prod_2efa0aed0d6e67ecae58,R5S-M-XS-BLA,black,XS,mens,64.71,2025-01-01T00:00:00.000Z
var_ffa3148e0ee7668d8f30,prod_2efa0aed0d6e67ecae58,R5S-M-XS-WHI,white,XS,mens,65.07,2025-01-01T00:00:00.000Z
var_8ab4fd713004558e9200,prod_2efa0aed0d6e67ecae58,R5S-M-XS-BLU,blue,XS,mens,60.81,2025-01-01T00:00:00.000Z
var_38d5b5f8cb87a53d650b,prod_2efa0aed0d6e67ecae58,R5S-M-S-BLA,black,S,mens,64.96,2025-01-01T00:00:00.000Z
var_7563e95b2351a5fa4a08,prod_2efa0aed0d6e67ecae58,R5S-M-S-WHI,white,S,mens,64.46,2025-01-01T00:00:00.000Z
var_ef0af573f8034823d555,prod_2efa0aed0d6e67ecae58,R5S-M-S-BLU,blue,S,mens,61.14,2025-01-01T00:00:00.000Z
var_7f3a3296ffbd820f7f55,prod_2efa0aed0d6e67ecae58,R5S-M-M-BLA,black,M,mens,69.06,2025-01-01T00:00:00.000Z
var_d206780fbe564728bf65,prod_2efa0aed0d6e67ecae58,R5S-M-M-WHI,white,M,mens,67.3,2025-01-01T00:00:00.000Z
var_5e478e2b39c40398fb76,prod_2efa0aed0d6e67ecae58,R5S-M-M-BLU,blue,M,mens,63.32,2025-01-01T00:00:00.000Z
var_c5d4b04e619e436daff8,prod_2efa0aed0d6e67ecae58,R5S-M-L-BLA,black,L,mens,62.82,2025-01-01T00:00:00.000Z
var_c1d92c21012faefae3f8,prod_2efa0aed0d6e67ecae58,R5S-M-L-WHI,white,L,mens,61.53,2025-01-01T00:00:00.000Z
var_2a91c104878870f34df4,prod_2efa0aed0d6e67ecae58,R5S-M-L-BLU,blue,L,mens,66.58,2025-01-01T00:00:00.000Z
var_fe046aec4c2aa733984d,prod_2efa0aed0d6e67ecae58,R5S-M-XL-BLA,black,XL,mens,67.39,2025-01-01T00:00:00.000Z
var_0072c3c72ae42a25b5f3,prod_2efa0aed0d6e67ecae58,R5S-M-XL-WHI,white,XL,mens,65.03,2025-01-01T00:00:00.000Z
var_32173c8dbdf8eac79214,prod_2efa0aed0d6e67ecae58,R5S-M-XL-BLU,blue,XL,mens,60.85,2025-01-01T00:00:00.000Z
var_fada642b3d793e48890b,prod_1aac77da65d619e6240f,RTS-W-XS-BLA,black,XS,womens,70.39,2025-01-01T00:00:00.000Z
var_b0665991d9649a256643,prod_1aac77da65d619e6240f,RTS-W-XS-WHI,white,XS,womens,77.62,2025-01-01T00:00:00.000Z
var_fe1215c4f405465a502b,prod_1aac77da65d619e6240f,RTS-W-XS-BLU,blue,XS,womens,70.17,2025-01-01T00:00:00.000Z
var_30c9251395a079628b82,prod_1aac77da65d619e6240f,RTS-W-S-BLA,black,S,womens,74.09,2025-01-01T00:00:00.000Z
var_e865328517c3330f1431,prod_1aac77da65d619e6240f,RTS-W-S-WHI,white,S,womens,70.49,2025-01-01T00:00:00.000Z
var_4ec6f48b0a97467baa73,prod_1aac77da65d619e6240f,RTS-W-S-BLU,blue,S,womens,70.21,2025-01-01T00:00:00.000Z
var_9818589b07d9187961de,prod_1aac77da65d619e6240f,RTS-W-M-BLA,black,M,womens,75.67,2025-01-01T00:00:00.000Z
var_b26eea452ddb91e6275c,prod_1aac77da65d619e6240f,RTS-W-M-WHI,white,M,womens,71.44,2025-01-01T00:00:00.000Z
var_19fa5bf87e2a73901ef4,prod_1aac77da65d619e6240f,RTS-W-M-BLU,blue,M,womens,68.4,2025-01-01T00:00:00.000Z
var_582d11378691a5a6e4e9,prod_1aac77da65d619e6240f,RTS-W-L-BLA,black,L,womens,69.45,2025-01-01T00:00:00.000Z
var_8ec37fcdee5f1140ec55,prod_1aac77da65d619e6240f,RTS-W-L-WHI,white,L,womens,75.06,2025-01-01T00:00:00.000Z
var_a6767a237b512235506f,prod_1aac77da65d619e6240f,RTS-W-L-BLU,blue,L,womens,77.28,2025-01-01T00:00:00.000Z
var_0249455f35a9dd408d40,prod_1aac77da65d619e6240f,RTS-W-XL-BLA,black,XL,womens,68.41,2025-01-01T00:00:00.000Z
var_9d2bbbb4593860eae1c2,prod_1aac77da65d619e6240f,RTS-W-XL-WHI,white,XL,womens,70.8,2025-01-01T00:00:00.000Z
var_b504113d4e05f26566f9,prod_1aac77da65d619e6240f,RTS-W-XL-BLU,blue,XL,womens,74.44,2025-01-01T00:00:00.000Z
var_19b6c0119781ca26cfab,prod_1aac77da65d619e6240f,RTS-M-XS-BLA,black,XS,mens,72.2,2025-01-01T00:00:00.000Z
var_30a71ca69a0597e20603,prod_1aac77da65d619e6240f,RTS-M-XS-WHI,white,XS,mens,71.22,2025-01-01T00:00:00.000Z
var_44f43fafea7f397d29fa,prod_1aac77da65d619e6240f,RTS-M-XS-BLU,blue,XS,mens,72.38,2025-01-01T00:00:00.000Z
var_aa467d7577abf3fbc60e,prod_1aac77da65d619e6240f,RTS-M-S-BLA,black,S,mens,75.43,2025-01-01T00:00:00.000Z
var_b18529e43b561104e73d,prod_1aac77da65d619e6240f,RTS-M-S-WHI,white,S,mens,70.66,2025-01-01T00:00:00.000Z
var_f4e84136e702c56fc319,prod_1aac77da65d619e6240f,RTS-M-S-BLU,blue,S,mens,76.26,2025-01-01T00:00:00.000Z
var_811e9c78b377b4e4453c,prod_1aac77da65d619e6240f,RTS-M-M-BLA,black,M,mens,68.55,2025-01-01T00:00:00.000Z
var_f5ccef0575523ac6faa5,prod_1aac77da65d619e6240f,RTS-M-M-WHI,white,M,mens,74.53,2025-01-01T00:00:00.000Z
var_e91175ca45ab8fc349dc,prod_1aac77da65d619e6240f,RTS-M-M-BLU,blue,M,mens,70.06,2025-01-01T00:00:00.000Z
var_e68010c463448ce42243,prod_1aac77da65d619e6240f,RTS-M-L-BLA,black,L,mens,70.37,2025-01-01T00:00:00.000Z
var_3a2e554b388bcfe86ab3,prod_1aac77da65d619e6240f,RTS-M-L-WHI,white,L,mens,74.74,2025-01-01T00:00:00.000Z
var_827c52ca8f98abbcdae2,prod_1aac77da65d619e6240f,RTS-M-L-BLU,blue,L,mens,75.69,2025-01-01T00:00:00.000Z
var_11a4e26a7ab75dc78c86,prod_1aac77da65d619e6240f,RTS-M-XL-BLA,black,XL,mens,70.51,2025-01-01T00:00:00.000Z
var_5229b1982481efd531f3,prod_1aac77da65d619e6240f,RTS-M-XL-WHI,white,XL,mens,72.57,2025-01-01T00:00:00.000Z
var_3971b7f2774b1e5a316d,prod_1aac77da65d619e6240f,RTS-M-XL-BLU,blue,XL,mens,69.79,2025-01-01T00:00:00.000Z
var_c95ef6026df6ba67eec8,prod_ea26883fb1deabd15141,RCS-U-S-BLA,black,S,unisex,17.14,2025-01-01T00:00:00.000Z
var_bc45956a6234980b8431,prod_ea26883fb1deabd15141,RCS-U-S-WHI,white,S,unisex,18.67,2025-01-01T00:00:00.000Z
var_8d5d2d5c13ed45a481ad,prod_ea26883fb1deabd15141,RCS-U-S-BLU,blue,S,unisex,17.52,2025-01-01T00:00:00.000Z
var_be2b12a3e53e8671f3d6,prod_ea26883fb1deabd15141,RCS-U-M-BLA,black,M,unisex,18.54,2025-01-01T00:00:00.000Z
var_def87b80ab2972f8be9d,prod_ea26883fb1deabd15141,RCS-U-M-WHI,white,M,unisex,17.23,2025-01-01T00:00:00.000Z
var_ad88e442b4ec9a747624,prod_ea26883fb1deabd15141,RCS-U-M-BLU,blue,M,unisex,17.16,2025-01-01T00:00:00.000Z
var_a18ec8356e2d553dbf65,prod_ea26883fb1deabd15141,RCS-U-L-BLA,black,L,unisex,17.31,2025-01-01T00:00:00.000Z
var_8fe117c6a6c73be68252,prod_ea26883fb1deabd15141,RCS-U-L-WHI,white,L,unisex,17.31,2025-01-01T00:00:00.000Z
var_a56e028f2685d369a8a2,prod_ea26883fb1deabd15141,RCS-U-L-BLU,blue,L,unisex,18.85,2025-01-01T00:00:00.000Z
var_f9b6333510f3a2bddcce,prod_ebe756215bbfcde882c1,RCK-U-S-BLA,black,S,unisex,22.87,2025-01-01T00:00:00.000Z
var_84ff60b1ac8610102053,prod_ebe756215bbfcde882c1,RCK-U-S-WHI,white,S,unisex,22.03,2025-01-01T00:00:00.000Z
var_0c2a56074856654cc09c,prod_ebe756215bbfcde882c1,RCK-U-S-BLU,blue,S,unisex,21.76,2025-01-01T00:00:00.000Z
var_54a48c4e9f5a97d29dac,prod_ebe756215bbfcde882c1,RCK-U-M-BLA,black,M,unisex,23.45,2025-01-01T00:00:00.000Z
var_477f71369f8ec76bae72,prod_ebe756215bbfcde882c1,RCK-U-M-WHI,white,M,unisex,20.91,2025-01-01T00:00:00.000Z
var_1712a2d5f6a5d208055e,prod_ebe756215bbfcde882c1,RCK-U-M-BLU,blue,M,unisex,22.55,2025-01-01T00:00:00.000Z
var_63071a389c1b1f57160c,prod_ebe756215bbfcde882c1,RCK-U-L-BLA,black,L,unisex,21.54,2025-01-01T00:00:00.000Z
var_5d625c4bbaa3b689d1db,prod_ebe756215bbfcde882c1,RCK-U-L-WHI,white,L,unisex,23.37,2025-01-01T00:00:00.000Z
var_d93959e68a9c1ed24606,prod_ebe756215bbfcde882c1,RCK-U-L-BLU,blue,L,unisex,21.38,2025-01-01T00:00:00.000Z
var_11b9ced246c49a2a69c6,prod_72dfeba4701d415d317a,RWS-W-S-BLA,black,S,womens,126.83,2025-01-01T00:00:00.000Z
var_a0b00e2faaec9758659d,prod_72dfeba4701d415d317a,RWS-W-S-WHI,white,S,womens,116.36,2025-01-01T00:00:00.000Z
var_07a3825bb8e2e492b76b,prod_72dfeba4701d415d317a,RWS-W-S-BLU,blue,S,womens,124.16,2025-01-01T00:00:00.000Z
var_abf4b066285529554ec5,prod_72dfeba4701d415d317a,RWS-W-M-BLA,black,M,womens,117.76,2025-01-01T00:00:00.000Z
var_8a23a15f6866bdee9409,prod_72dfeba4701d415d317a,RWS-W-M-WHI,white,M,womens,127.02,2025-01-01T00:00:00.000Z
var_a4481e5f98f473cda093,prod_72dfeba4701d415d317a,RWS-W-M-BLU,blue,M,womens,122.43,2025-01-01T00:00:00.000Z
var_15a5da1605c0b6e7842d,prod_72dfeba4701d415d317a,RWS-W-L-BLA,black,L,womens,114.16,2025-01-01T00:00:00.000Z
var_1a7a54f91d9a9784b173,prod_72dfeba4701d415d317a,RWS-W-L-WHI,white,L,womens,120.38,2025-01-01T00:00:00.000Z
var_c1969c0733b4dc908af7,prod_72dfeba4701d415d317a,RWS-W-L-BLU,blue,L,womens,124.89,2025-01-01T00:00:00.000Z
var_4aeb79589687b461e96f,prod_72dfeba4701d415d317a,RWS-W-XL-BLA,black,XL,womens,122.46,2025-01-01T00:00:00.000Z
var_be4c5e4aeb2733383b86,prod_72dfeba4701d415d317a,RWS-W-XL-WHI,white,XL,womens,124.76,2025-01-01T00:00:00.000Z
var_e55f60ce5370c732b493,prod_72dfeba4701d415d317a,RWS-W-XL-BLU,blue,XL,womens,116.02,2025-01-01T00:00:00.000Z
var_a8e55173ba8ba00fbb58,prod_72dfeba4701d415d317a,RWS-M-S-BLA,black,S,mens,117.39,2025-01-01T00:00:00.000Z
var_9ae1b9494d9b24b6814d,prod_72dfeba4701d415d317a,RWS-M-S-WHI,white,S,mens,124.38,2025-01-01T00:00:00.000Z
var_c81a94d9a15b6b760523,prod_72dfeba4701d415d317a,RWS-M-S-BLU,blue,S,mens,124.86,2025-01-01T00:00:00.000Z
var_0088bda42ae04ba0e6f0,prod_72dfeba4701d415d317a,RWS-M-M-BLA,black,M,mens,121.39,2025-01-01T00:00:00.000Z
var_261e93378c2ea03cf536,prod_72dfeba4701d415d317a,RWS-M-M-WHI,white,M,mens,112.38,2025-01-01T00:00:00.000Z
var_3095fdb99afdb37f42a9,prod_72dfeba4701d415d317a,RWS-M-M-BLU,blue,M,mens,125.37,2025-01-01T00:00:00.000Z
var_b93ffcc4df25b6049fd7,prod_72dfeba4701d415d317a,RWS-M-L-BLA,black,L,mens,114.28,2025-01-01T00:00:00.000Z
var_cf614c1f8ce5ad152f86,prod_72dfeba4701d415d317a,RWS-M-L-WHI,white,L,mens,127.21,2025-01-01T00:00:00.000Z
var_439e4a3b1ded76626bcc,prod_72dfeba4701d415d317a,RWS-M-L-BLU,blue,L,mens,116.68,2025-01-01T00:00:00.000Z
var_7a9bd3c5007019c19bfe,prod_72dfeba4701d415d317a,RWS-M-XL-BLA,black,XL,mens,112.91,2025-01-01T00:00:00.000Z
var_8856a9a1708ad62e3b1d,prod_72dfeba4701d415d317a,RWS-M-XL-WHI,white,XL,mens,123.69,2025-01-01T00:00:00.000Z
var_082ccc283fa2bea80c16,prod_72dfeba4701d415d317a,RWS-M-XL-BLU,blue,XL,mens,113.32,2025-01-01T00:00:00.000Z
var_199bb1069f0216fdcbf6,prod_d87cfc68d1aef053d198,RHB-U-one_size-BLA,black,one_size,unisex,35.78,2025-01-01T00:00:00.000Z
var_7867058976a19bca1d0d,prod_d87cfc68d1aef053d198,RHB-U-one_size-WHI,white,one_size,unisex,35.25,2025-01-01T00:00:00.000Z
var_cb896475831a28934bfe,prod_30d7a0ddc2ef16ba66b9,RRB-U-one_size-BLA,black,one_size,unisex,27.5,2025-01-01T00:00:00.000Z
var_5ad21b0b072b59385182,prod_30d7a0ddc2ef16ba66b9,RRB-U-one_size-WHI,white,one_size,unisex,26.94,2025-01-01T00:00:00.000Z
